sequence_index,anomaly_score,max_severity_score,max_severity_level,avg_severity_score,critical_count,high_count,medium_count,low_count,priority
0,2.2246079471714455,5,MEDIUM,0.5,0,0,1,0,1
542,1.281907722194479,5,MEDIUM,0.5,0,0,1,0,2
543,1.281907722194479,5,MEDIUM,0.5,0,0,1,0,3
4454,1.281907722194479,1,LOW,0.1,0,0,0,1,4
45523,1.3516645482916365,1,LOW,0.1,0,0,0,1,5
45524,1.3516645482916365,1,LOW,0.1,0,0,0,1,6
45525,1.3516645482916365,1,LOW,0.1,0,0,0,1,7
45526,1.3516645482916365,1,LOW,0.1,0,0,0,1,8
45527,1.3516645482916365,1,LOW,0.1,0,0,0,1,9
4455,1.281907722194479,1,LOW,0.1,0,0,0,1,10
4453,1.281907722194479,1,LOW,0.1,0,0,0,1,11
45521,1.3516645482916365,1,LOW,0.2,0,0,0,2,12
4452,1.281907722194479,1,LOW,0.1,0,0,0,1,13
4451,1.281907722194479,1,LOW,0.1,0,0,0,1,14
4450,1.281907722194479,1,LOW,0.1,0,0,0,1,15
4447,1.281907722194479,1,LOW,0.1,0,0,0,1,16
45529,1.3371046132086803,1,LOW,0.1,0,0,0,1,17
45522,1.3516645482916365,1,LOW,0.1,0,0,0,1,18
45520,1.3516645482916365,1,LOW,0.2,0,0,0,2,19
45499,1.9404074524230854,1,LOW,0.2,0,0,0,2,20
45519,1.281907722194479,1,LOW,0.3,0,0,0,3,21
45501,1.9404074524230854,1,LOW,0.2,0,0,0,2,22
45502,1.9404074524230854,1,LOW,0.1,0,0,0,1,23
45503,1.9404074524230854,1,LOW,0.1,0,0,0,1,24
45509,1.281907722194479,1,LOW,0.3,0,0,0,3,25
45510,1.281907722194479,1,LOW,0.4,0,0,0,4,26
45511,1.281907722194479,1,LOW,0.3,0,0,0,3,27
45512,1.281907722194479,1,LOW,0.4,0,0,0,4,28
45513,1.9338670091981485,1,LOW,0.4,0,0,0,4,29
45514,2.5858262962018186,1,LOW,0.4,0,0,0,4,30
45515,2.5858262962018186,1,LOW,0.3,0,0,0,3,31
45516,2.5858262962018186,1,LOW,0.3,0,0,0,3,32
8497,1.3516645482916365,1,LOW,0.1,0,0,0,1,33
8496,1.3516645482916365,1,LOW,0.1,0,0,0,1,34
45517,1.9338670091981485,1,LOW,0.3,0,0,0,3,35
45518,1.9338670091981485,1,LOW,0.3,0,0,0,3,36
45533,1.3371046132086803,1,LOW,0.2,0,0,0,2,37
45534,1.3371046132086803,1,LOW,0.2,0,0,0,2,38
45535,1.3371046132086803,1,LOW,0.2,0,0,0,2,39
45536,1.3371046132086803,1,LOW,0.1,0,0,0,1,40
4156,1.9338670091981485,1,LOW,0.2,0,0,0,2,41
4155,1.9338670091981485,1,LOW,0.2,0,0,0,2,42
4154,1.9338670091981485,1,LOW,0.2,0,0,0,2,43
4153,2.070783107204419,1,LOW,0.2,0,0,0,2,44
4152,1.4188238202007495,1,LOW,0.2,0,0,0,2,45
4151,1.4188238202007495,1,LOW,0.1,0,0,0,1,46
45646,1.7381115414562078,1,LOW,0.4,0,0,0,4,47
45647,1.7381115414562078,1,LOW,0.3,0,0,0,3,48
4143,1.418283047863767,1,LOW,0.1,0,0,0,1,49
45648,1.7381115414562078,1,LOW,0.3,0,0,0,3,50
45649,1.3714271597053156,1,LOW,0.3,0,0,0,3,51
45650,1.3714271597053156,1,LOW,0.2,0,0,0,2,52
45651,1.3714271597053156,1,LOW,0.1,0,0,0,1,53
45681,1.3371046132086803,1,LOW,0.1,0,0,0,1,54
45682,1.3371046132086803,1,LOW,0.1,0,0,0,1,55
4157,1.9338670091981485,1,LOW,0.1,0,0,0,1,56
4158,1.9338670091981485,1,LOW,0.1,0,0,0,1,57
4159,1.9338670091981485,1,LOW,0.1,0,0,0,1,58
45548,1.281907722194479,1,LOW,0.3,0,0,0,3,59
45537,1.3371046132086803,1,LOW,0.1,0,0,0,1,60
45538,1.3371046132086803,1,LOW,0.1,0,0,0,1,61
45544,1.281907722194479,1,LOW,0.2,0,0,0,2,62
45545,1.281907722194479,1,LOW,0.3,0,0,0,3,63
45546,1.281907722194479,1,LOW,0.3,0,0,0,3,64
45547,1.281907722194479,1,LOW,0.3,0,0,0,3,65
45549,1.281907722194479,1,LOW,0.3,0,0,0,3,66
4160,1.281907722194479,1,LOW,0.1,0,0,0,1,67
45550,1.281907722194479,1,LOW,0.3,0,0,0,3,68
45551,1.281907722194479,1,LOW,0.2,0,0,0,2,69
45642,1.3566546786197822,1,LOW,0.4,0,0,0,4,70
45643,1.3566546786197822,1,LOW,0.3,0,0,0,3,71
45644,1.3566546786197822,1,LOW,0.3,0,0,0,3,72
45645,1.7381115414562078,1,LOW,0.3,0,0,0,3,73
45500,1.9404074524230854,1,LOW,0.2,0,0,0,2,74
45497,1.3371046132086803,1,LOW,0.2,0,0,0,2,75
45684,1.3371046132086803,1,LOW,0.3,0,0,0,3,76
33558,1.4188238202007495,1,LOW,0.1,0,0,0,1,77
38271,1.205264288751281,1,LOW,0.1,0,0,0,1,78
38272,1.205264288751281,1,LOW,0.1,0,0,0,1,79
38273,1.205264288751281,1,LOW,0.1,0,0,0,1,80
38274,1.205264288751281,1,LOW,0.1,0,0,0,1,81
38275,1.205264288751281,1,LOW,0.1,0,0,0,1,82
39696,1.166607690980013,1,LOW,0.2,0,0,0,2,83
33559,1.4188238202007495,1,LOW,0.1,0,0,0,1,84
37689,1.5653133336235692,1,LOW,0.1,0,0,0,1,85
33560,1.4188238202007495,1,LOW,0.1,0,0,0,1,86
45037,1.9668447155783504,1,LOW,0.2,0,0,0,2,87
45038,1.9668447155783504,1,LOW,0.2,0,0,0,2,88
45039,1.9668447155783504,1,LOW,0.2,0,0,0,2,89
45040,1.9668447155783504,1,LOW,0.2,0,0,0,2,90
45041,1.9668447155783504,1,LOW,0.2,0,0,0,2,91
38270,1.205264288751281,1,LOW,0.1,0,0,0,1,92
37688,1.8340278278883198,1,LOW,0.1,0,0,0,1,93
45043,2.667656655884778,1,LOW,0.1,0,0,0,1,94
26310,1.1592333420714405,1,LOW,0.1,0,0,0,1,95
22293,1.1135450820548853,1,LOW,0.1,0,0,0,1,96
37443,1.1592333420714405,1,LOW,0.1,0,0,0,1,97
37442,1.1592333420714405,1,LOW,0.1,0,0,0,1,98
37441,1.1592333420714405,1,LOW,0.1,0,0,0,1,99
37440,1.1592333420714405,1,LOW,0.1,0,0,0,1,100
26309,1.1592333420714405,1,LOW,0.1,0,0,0,1,101
37680,1.4353221852447637,1,LOW,0.1,0,0,0,1,102
37687,2.059411939360136,1,LOW,0.1,0,0,0,1,103
37681,1.4353221852447637,1,LOW,0.1,0,0,0,1,104
37682,1.4353221852447637,1,LOW,0.1,0,0,0,1,105
37683,1.4786525680376992,1,LOW,0.1,0,0,0,1,106
37684,1.4786525680376992,1,LOW,0.1,0,0,0,1,107
37685,1.74736706230245,1,LOW,0.1,0,0,0,1,108
37686,2.016081556567201,1,LOW,0.1,0,0,0,1,109
45042,1.9668447155783504,1,LOW,0.2,0,0,0,2,110
45044,1.6760097560897835,1,LOW,0.1,0,0,0,1,111
45496,1.3371046132086803,1,LOW,0.2,0,0,0,2,112
45486,1.5320283592917325,1,LOW,0.2,0,0,0,2,113
11734,1.4047935899146982,1,LOW,0.1,0,0,0,1,114
11733,1.4047935899146982,1,LOW,0.1,0,0,0,1,115
11732,1.4047935899146982,1,LOW,0.1,0,0,0,1,116
11731,1.105521081907015,1,LOW,0.1,0,0,0,1,117
45484,1.5320283592917325,1,LOW,0.2,0,0,0,2,118
45485,1.5320283592917325,1,LOW,0.2,0,0,0,2,119
45487,1.5320283592917325,1,LOW,0.2,0,0,0,2,120
11736,1.4047935899146982,1,LOW,0.1,0,0,0,1,121
45488,1.5320283592917325,1,LOW,0.1,0,0,0,1,122
45491,1.5320283592917325,1,LOW,0.1,0,0,0,1,123
45492,1.5320283592917325,1,LOW,0.2,0,0,0,2,124
45493,1.3371046132086803,1,LOW,0.2,0,0,0,2,125
45494,1.3371046132086803,1,LOW,0.2,0,0,0,2,126
45495,1.3371046132086803,1,LOW,0.2,0,0,0,2,127
11735,1.4047935899146982,1,LOW,0.1,0,0,0,1,128
11737,1.1055210819070151,1,LOW,0.1,0,0,0,1,129
45045,1.6760097560897835,1,LOW,0.1,0,0,0,1,130
34034,4.02091787936543,1,LOW,0.3,0,0,0,3,131
34027,4.02091787936543,1,LOW,0.2,0,0,0,2,132
34028,4.02091787936543,1,LOW,0.2,0,0,0,2,133
34029,4.02091787936543,1,LOW,0.2,0,0,0,2,134
34030,4.02091787936543,1,LOW,0.2,0,0,0,2,135
34031,4.02091787936543,1,LOW,0.2,0,0,0,2,136
34033,4.02091787936543,1,LOW,0.3,0,0,0,3,137
34035,4.02091787936543,1,LOW,0.2,0,0,0,2,138
45483,1.5320283592917325,1,LOW,0.2,0,0,0,2,139
45064,1.245941797251524,1,LOW,0.1,0,0,0,1,140
34036,4.02091787936543,1,LOW,0.2,0,0,0,2,141
34037,2.457120247236517,1,LOW,0.1,0,0,0,1,142
34038,2.457120247236517,1,LOW,0.1,0,0,0,1,143
34039,2.457120247236517,1,LOW,0.1,0,0,0,1,144
34040,2.457120247236517,1,LOW,0.1,0,0,0,1,145
45683,1.3371046132086803,1,LOW,0.2,0,0,0,2,146
34032,4.02091787936543,1,LOW,0.3,0,0,0,3,147
526,1.281907722194479,1,LOW,0.2,0,0,0,2,148
527,1.281907722194479,1,LOW,0.2,0,0,0,2,149
36226,1.281907722194479,1,LOW,0.1,0,0,0,1,150
36225,1.281907722194479,1,LOW,0.1,0,0,0,1,151
36224,1.281907722194479,1,LOW,0.1,0,0,0,1,152
142,1.281907722194479,1,LOW,0.1,0,0,0,1,153
123,1.3371046132086803,1,LOW,0.1,0,0,0,1,154
47493,1.166607690980013,1,LOW,0.1,0,0,0,1,155
47490,1.1666076909800132,1,LOW,0.2,0,0,0,2,156
47292,1.3647282768871325,1,LOW,0.1,0,0,0,1,157
47291,1.3647282768871325,1,LOW,0.1,0,0,0,1,158
47290,1.3647282768871325,1,LOW,0.2,0,0,0,2,159
47289,1.3647282768871325,1,LOW,0.2,0,0,0,2,160
47253,1.281907722194479,1,LOW,0.1,0,0,0,1,161
47252,1.281907722194479,1,LOW,0.1,0,0,0,1,162
47251,1.281907722194479,1,LOW,0.1,0,0,0,1,163
47250,1.281907722194479,1,LOW,0.1,0,0,0,1,164
529,1.3759636414363863,1,LOW,0.1,0,0,0,1,165
528,1.281907722194479,1,LOW,0.2,0,0,0,2,166
36227,1.281907722194479,1,LOW,0.1,0,0,0,1,167
36228,1.281907722194479,1,LOW,0.1,0,0,0,1,168
36229,1.281907722194479,1,LOW,0.1,0,0,0,1,169
47769,1.4353221852447637,1,LOW,0.2,0,0,0,2,170
583,1.4188238202007495,1,LOW,0.1,0,0,0,1,171
582,1.4188238202007495,1,LOW,0.1,0,0,0,1,172
584,1.4188238202007495,1,LOW,0.1,0,0,0,1,173
585,1.4188238202007495,1,LOW,0.1,0,0,0,1,174
586,1.4188238202007495,1,LOW,0.1,0,0,0,1,175
602,1.3182414069492796,1,LOW,0.1,0,0,0,1,176
47770,1.1666076909800132,1,LOW,0.2,0,0,0,2,177
47768,1.7040366795095154,1,LOW,0.2,0,0,0,2,178
525,1.281907722194479,1,LOW,0.2,0,0,0,2,179
47767,1.9294207909813308,1,LOW,0.1,0,0,0,1,180
652,1.9404074524230854,1,LOW,0.1,0,0,0,1,181
653,1.9404074524230854,1,LOW,0.1,0,0,0,1,182
654,1.9404074524230854,1,LOW,0.1,0,0,0,1,183
122,1.3371046132086803,1,LOW,0.1,0,0,0,1,184
140,1.281907722194479,1,LOW,0.1,0,0,0,1,185
141,1.281907722194479,1,LOW,0.1,0,0,0,1,186
501,1.281907722194479,1,LOW,0.1,0,0,0,1,187
47288,1.3647282768871325,1,LOW,0.2,0,0,0,2,188
45737,1.9892836662467446,1,LOW,0.1,0,0,0,1,189
45736,1.9892836662467446,1,LOW,0.1,0,0,0,1,190
45742,1.281907722194479,1,LOW,0.2,0,0,0,2,191
45738,1.9338670091981485,1,LOW,0.2,0,0,0,2,192
37214,2.198135285246082,1,LOW,0.1,0,0,0,1,193
37215,2.198135285246082,1,LOW,0.1,0,0,0,1,194
37216,2.198135285246082,1,LOW,0.1,0,0,0,1,195
37217,1.9294207909813308,1,LOW,0.1,0,0,0,1,196
37218,1.9294207909813306,1,LOW,0.1,0,0,0,1,197
37219,1.704036679509515,1,LOW,0.1,0,0,0,1,198
37220,1.4353221852447637,1,LOW,0.1,0,0,0,1,199
499,1.4188238202007495,1,LOW,0.1,0,0,0,1,200
498,1.4188238202007495,1,LOW,0.1,0,0,0,1,201
497,1.4188238202007495,1,LOW,0.1,0,0,0,1,202
45944,1.0278843450940673,1,LOW,0.1,0,0,0,1,203
45739,1.9338670091981485,1,LOW,0.2,0,0,0,2,204
45740,1.288471725940317,1,LOW,0.2,0,0,0,2,205
37213,2.1981352852460816,1,LOW,0.1,0,0,0,1,206
45741,1.288471725940317,1,LOW,0.2,0,0,0,2,207
45735,1.9892836662467446,1,LOW,0.1,0,0,0,1,208
143,1.281907722194479,1,LOW,0.1,0,0,0,1,209
37211,2.2847960508319516,1,LOW,0.1,0,0,0,1,210
47032,1.6932317892679754,1,LOW,0.2,0,0,0,2,211
47033,1.6932317892679754,1,LOW,0.2,0,0,0,2,212
47034,1.6932317892679754,1,LOW,0.2,0,0,0,2,213
47035,1.6932317892679754,1,LOW,0.2,0,0,0,2,214
47036,2.330638013765481,1,LOW,0.1,0,0,0,1,215
47037,2.330638013765481,1,LOW,0.1,0,0,0,1,216
37212,2.241465668039017,1,LOW,0.1,0,0,0,1,217
144,1.281907722194479,1,LOW,0.1,0,0,0,1,218
496,1.4188238202007495,1,LOW,0.1,0,0,0,1,219
502,1.3728350099334101,1,LOW,0.1,0,0,0,1,220
37381,2.198135285246082,0,INFO,0.0,0,0,0,0,221
37089,1.617375913923645,0,INFO,0.0,0,0,0,0,222
37083,1.1592333420714405,0,INFO,0.0,0,0,0,0,223
37086,1.8427600253954608,0,INFO,0.0,0,0,0,0,224
37084,1.458505850079124,0,INFO,0.0,0,0,0,0,225
37085,1.7577783580868072,0,INFO,0.0,0,0,0,0,226
37088,1.8427600253954608,0,INFO,0.0,0,0,0,0,227
37087,2.0681441368672764,0,INFO,0.0,0,0,0,0,228
37390,2.198135285246082,0,INFO,0.0,0,0,0,0,229
37395,2.154804902453147,0,INFO,0.0,0,0,0,0,230
37082,1.1592333420714405,0,INFO,0.0,0,0,0,0,231
37386,2.2414656680390164,0,INFO,0.0,0,0,0,0,232
37391,2.198135285246082,0,INFO,0.0,0,0,0,0,233
37392,2.154804902453147,0,INFO,0.0,0,0,0,0,234
37393,2.1114745196602116,0,INFO,0.0,0,0,0,0,235
37394,2.1114745196602116,0,INFO,0.0,0,0,0,0,236
37379,1.9727511737742665,0,INFO,0.0,0,0,0,0,237
37388,2.1981352852460816,0,INFO,0.0,0,0,0,0,238
37387,1.9727511737742658,0,INFO,0.0,0,0,0,0,239
37385,2.241465668039017,0,INFO,0.0,0,0,0,0,240
36416,1.2099380737729482,0,INFO,0.0,0,0,0,0,241
37384,2.2847960508319516,0,INFO,0.0,0,0,0,0,242
37389,2.154804902453147,0,INFO,0.0,0,0,0,0,243
37396,2.1981352852460816,0,INFO,0.0,0,0,0,0,244
37397,2.423519396717897,0,INFO,0.0,0,0,0,0,245
37383,2.2414656680390173,0,INFO,0.0,0,0,0,0,246
37382,2.198135285246082,0,INFO,0.0,0,0,0,0,247
36415,1.2099380737729482,0,INFO,0.0,0,0,0,0,248
37380,1.9294207909813308,0,INFO,0.0,0,0,0,0,249
37238,2.092802899863691,0,INFO,0.0,0,0,0,0,250
37378,1.9727511737742665,0,INFO,0.0,0,0,0,0,251
37377,2.198135285246082,0,INFO,0.0,0,0,0,0,252
37351,2.241465668039017,0,INFO,0.0,0,0,0,0,253
37350,2.2847960508319516,0,INFO,0.0,0,0,0,0,254
37349,2.2847960508319516,0,INFO,0.0,0,0,0,0,255
37348,2.2847960508319516,0,INFO,0.0,0,0,0,0,256
37347,2.2847960508319516,0,INFO,0.0,0,0,0,0,257
37346,2.5535105450967026,0,INFO,0.0,0,0,0,0,258
37345,2.596840927889638,0,INFO,0.0,0,0,0,0,259
37344,2.596840927889638,0,INFO,0.0,0,0,0,0,260
37343,2.596840927889638,0,INFO,0.0,0,0,0,0,261
37342,2.596840927889638,0,INFO,0.0,0,0,0,0,262
37341,2.5535105450967026,0,INFO,0.0,0,0,0,0,263
37340,2.510180162303768,0,INFO,0.0,0,0,0,0,264
37339,2.553510545096703,0,INFO,0.0,0,0,0,0,265
37338,2.553510545096703,0,INFO,0.0,0,0,0,0,266
37337,2.510180162303768,0,INFO,0.0,0,0,0,0,267
37336,2.4668497795108326,0,INFO,0.0,0,0,0,0,268
37335,2.466849779510833,0,INFO,0.0,0,0,0,0,269
37352,2.1981352852460816,0,INFO,0.0,0,0,0,0,270
37353,2.198135285246082,0,INFO,0.0,0,0,0,0,271
37354,1.9294207909813308,0,INFO,0.0,0,0,0,0,272
37369,1.1666076909800132,0,INFO,0.0,0,0,0,0,273
37376,2.154804902453147,0,INFO,0.0,0,0,0,0,274
37375,1.9294207909813308,0,INFO,0.0,0,0,0,0,275
37374,1.886090408188396,0,INFO,0.0,0,0,0,0,276
37373,1.6607062967165798,0,INFO,0.0,0,0,0,0,277
37372,1.4353221852447637,0,INFO,0.0,0,0,0,0,278
37371,1.4353221852447637,0,INFO,0.0,0,0,0,0,279
37370,1.4353221852447637,0,INFO,0.0,0,0,0,0,280
37364,1.0278843450940673,0,INFO,0.0,0,0,0,0,281
37355,1.9294207909813308,0,INFO,0.0,0,0,0,0,282
37363,1.0278843450940673,0,INFO,0.0,0,0,0,0,283
37362,1.2965988393588181,0,INFO,0.0,0,0,0,0,284
37361,1.253268456565883,0,INFO,0.0,0,0,0,0,285
37360,1.4786525680376992,0,INFO,0.0,0,0,0,0,286
37359,1.704036679509515,0,INFO,0.0,0,0,0,0,287
37358,1.9727511737742658,0,INFO,0.0,0,0,0,0,288
37357,2.241465668039017,0,INFO,0.0,0,0,0,0,289
37356,1.9727511737742658,0,INFO,0.0,0,0,0,0,290
37453,1.6607062967165798,0,INFO,0.0,0,0,0,0,291
37398,2.423519396717897,0,INFO,0.0,0,0,0,0,292
37478,1.704036679509515,0,INFO,0.0,0,0,0,0,293
37485,2.1981352852460816,0,INFO,0.0,0,0,0,0,294
37484,1.9727511737742658,0,INFO,0.0,0,0,0,0,295
37483,2.016081556567201,0,INFO,0.0,0,0,0,0,296
37482,2.016081556567201,0,INFO,0.0,0,0,0,0,297
37481,1.7473670623024498,0,INFO,0.0,0,0,0,0,298
37480,1.790697445095385,0,INFO,0.0,0,0,0,0,299
37479,1.74736706230245,0,INFO,0.0,0,0,0,0,300
37477,1.9294207909813308,0,INFO,0.0,0,0,0,0,301
37487,1.9294207909813308,0,INFO,0.0,0,0,0,0,302
37476,1.8860904081883956,0,INFO,0.0,0,0,0,0,303
37475,1.9294207909813306,0,INFO,0.0,0,0,0,0,304
37474,2.198135285246082,0,INFO,0.0,0,0,0,0,305
37473,2.154804902453147,0,INFO,0.0,0,0,0,0,306
37472,1.886090408188396,0,INFO,0.0,0,0,0,0,307
37471,2.154804902453147,0,INFO,0.0,0,0,0,0,308
37470,2.111474519660212,0,INFO,0.0,0,0,0,0,309
37486,1.9727511737742658,0,INFO,0.0,0,0,0,0,310
37488,2.154804902453147,0,INFO,0.0,0,0,0,0,311
37399,2.423519396717897,0,INFO,0.0,0,0,0,0,312
37498,1.9294207909813308,0,INFO,0.0,0,0,0,0,313
37505,2.059411939360136,0,INFO,0.0,0,0,0,0,314
37504,2.016081556567201,0,INFO,0.0,0,0,0,0,315
37503,2.241465668039017,0,INFO,0.0,0,0,0,0,316
37502,2.1981352852460816,0,INFO,0.0,0,0,0,0,317
37501,1.9294207909813306,0,INFO,0.0,0,0,0,0,318
37500,1.9294207909813308,0,INFO,0.0,0,0,0,0,319
37499,1.9294207909813308,0,INFO,0.0,0,0,0,0,320
37497,2.154804902453147,0,INFO,0.0,0,0,0,0,321
37489,2.154804902453147,0,INFO,0.0,0,0,0,0,322
37496,2.154804902453147,0,INFO,0.0,0,0,0,0,323
37495,1.886090408188396,0,INFO,0.0,0,0,0,0,324
37494,1.886090408188396,0,INFO,0.0,0,0,0,0,325
37493,1.8860904081883956,0,INFO,0.0,0,0,0,0,326
37492,1.9294207909813306,0,INFO,0.0,0,0,0,0,327
37491,2.198135285246082,0,INFO,0.0,0,0,0,0,328
37490,2.154804902453147,0,INFO,0.0,0,0,0,0,329
37469,2.154804902453147,0,INFO,0.0,0,0,0,0,330
37468,1.9294207909813308,0,INFO,0.0,0,0,0,0,331
37467,1.9294207909813308,0,INFO,0.0,0,0,0,0,332
37408,1.9294207909813308,0,INFO,0.0,0,0,0,0,333
36414,1.2099380737729482,0,INFO,0.0,0,0,0,0,334
37414,1.1592333420714405,0,INFO,0.0,0,0,0,0,335
37413,1.3919918024518292,0,INFO,0.0,0,0,0,0,336
37412,1.435322185244764,0,INFO,0.0,0,0,0,0,337
37411,1.4786525680376992,0,INFO,0.0,0,0,0,0,338
37410,1.704036679509515,0,INFO,0.0,0,0,0,0,339
37409,1.704036679509515,0,INFO,0.0,0,0,0,0,340
37407,2.154804902453147,0,INFO,0.0,0,0,0,0,341
37466,1.9727511737742665,0,INFO,0.0,0,0,0,0,342
37406,2.1114745196602116,0,INFO,0.0,0,0,0,0,343
37405,2.1548049024531464,0,INFO,0.0,0,0,0,0,344
37404,2.198135285246082,0,INFO,0.0,0,0,0,0,345
37403,2.198135285246082,0,INFO,0.0,0,0,0,0,346
37402,2.154804902453147,0,INFO,0.0,0,0,0,0,347
37401,2.1114745196602116,0,INFO,0.0,0,0,0,0,348
37400,2.154804902453147,0,INFO,0.0,0,0,0,0,349
37447,1.1592333420714405,0,INFO,0.0,0,0,0,0,350
37448,1.1666076909800132,0,INFO,0.0,0,0,0,0,351
37449,1.2099380737729482,0,INFO,0.0,0,0,0,0,352
37450,1.2099380737729482,0,INFO,0.0,0,0,0,0,353
37465,1.9727511737742665,0,INFO,0.0,0,0,0,0,354
37464,1.9727511737742658,0,INFO,0.0,0,0,0,0,355
37463,1.9727511737742665,0,INFO,0.0,0,0,0,0,356
37462,2.198135285246082,0,INFO,0.0,0,0,0,0,357
37461,2.198135285246082,0,INFO,0.0,0,0,0,0,358
37460,2.198135285246082,0,INFO,0.0,0,0,0,0,359
37459,2.1548049024531464,0,INFO,0.0,0,0,0,0,360
37458,2.423519396717898,0,INFO,0.0,0,0,0,0,361
37457,2.466849779510833,0,INFO,0.0,0,0,0,0,362
37456,2.423519396717898,0,INFO,0.0,0,0,0,0,363
37455,2.154804902453147,0,INFO,0.0,0,0,0,0,364
37454,1.886090408188396,0,INFO,0.0,0,0,0,0,365
37333,2.3801890139249626,0,INFO,0.0,0,0,0,0,366
37452,1.4353221852447637,0,INFO,0.0,0,0,0,0,367
37451,1.1666076909800132,0,INFO,0.0,0,0,0,0,368
37334,2.423519396717898,0,INFO,0.0,0,0,0,0,369
37306,1.6386465930748189,0,INFO,0.0,0,0,0,0,370
37090,1.6173759139236452,0,INFO,0.0,0,0,0,0,371
37248,2.3801890139249626,0,INFO,0.0,0,0,0,0,372
37105,1.4353221852447637,0,INFO,0.0,0,0,0,0,373
37106,1.2099380737729482,0,INFO,0.0,0,0,0,0,374
37110,1.253268456565883,0,INFO,0.0,0,0,0,0,375
37111,1.2532684565658834,0,INFO,0.0,0,0,0,0,376
37158,1.281907722194479,0,INFO,0.0,0,0,0,0,377
37250,2.423519396717898,0,INFO,0.0,0,0,0,0,378
37249,2.423519396717898,0,INFO,0.0,0,0,0,0,379
37247,2.380189013924962,0,INFO,0.0,0,0,0,0,380
37161,1.281907722194479,0,INFO,0.0,0,0,0,0,381
37246,2.1548049024531464,0,INFO,0.0,0,0,0,0,382
37245,2.198135285246082,0,INFO,0.0,0,0,0,0,383
37244,2.1361332826566257,0,INFO,0.0,0,0,0,0,384
37243,2.092802899863691,0,INFO,0.0,0,0,0,0,385
37242,2.092802899863691,0,INFO,0.0,0,0,0,0,386
37241,2.092802899863691,0,INFO,0.0,0,0,0,0,387
37159,1.281907722194479,0,INFO,0.0,0,0,0,0,388
37104,1.6607062967165795,0,INFO,0.0,0,0,0,0,389
37103,1.9294207909813308,0,INFO,0.0,0,0,0,0,390
37507,2.0594119393601362,0,INFO,0.0,0,0,0,0,391
37102,1.6607062967165802,0,INFO,0.0,0,0,0,0,392
37255,2.4014596930761365,0,INFO,0.0,0,0,0,0,393
37254,2.4014596930761365,0,INFO,0.0,0,0,0,0,394
37253,2.4014596930761365,0,INFO,0.0,0,0,0,0,395
37252,2.4668497795108326,0,INFO,0.0,0,0,0,0,396
37251,2.423519396717898,0,INFO,0.0,0,0,0,0,397
37092,1.617375913923645,0,INFO,0.0,0,0,0,0,398
37093,1.617375913923645,0,INFO,0.0,0,0,0,0,399
37094,1.6607062967165802,0,INFO,0.0,0,0,0,0,400
37095,1.6607062967165798,0,INFO,0.0,0,0,0,0,401
37096,1.6173759139236452,0,INFO,0.0,0,0,0,0,402
37097,1.6607062967165802,0,INFO,0.0,0,0,0,0,403
37098,1.8860904081883962,0,INFO,0.0,0,0,0,0,404
37099,1.8860904081883962,0,INFO,0.0,0,0,0,0,405
37100,1.6607062967165798,0,INFO,0.0,0,0,0,0,406
37101,1.6173759139236452,0,INFO,0.0,0,0,0,0,407
37160,1.281907722194479,0,INFO,0.0,0,0,0,0,408
37171,1.1592333420714405,0,INFO,0.0,0,0,0,0,409
37091,1.6173759139236452,0,INFO,0.0,0,0,0,0,410
37210,2.5535105450967026,0,INFO,0.0,0,0,0,0,411
37203,1.4353221852447637,0,INFO,0.0,0,0,0,0,412
37204,1.6607062967165798,0,INFO,0.0,0,0,0,0,413
37205,1.9294207909813308,0,INFO,0.0,0,0,0,0,414
37206,1.9727511737742658,0,INFO,0.0,0,0,0,0,415
37207,2.016081556567201,0,INFO,0.0,0,0,0,0,416
37208,2.2847960508319516,0,INFO,0.0,0,0,0,0,417
37209,2.510180162303768,0,INFO,0.0,0,0,0,0,418
37221,1.4353221852447637,0,INFO,0.0,0,0,0,0,419
37172,1.458505850079124,0,INFO,0.0,0,0,0,0,420
37222,1.2099380737729482,0,INFO,0.0,0,0,0,0,421
37231,1.2099380737729482,0,INFO,0.0,0,0,0,0,422
37232,1.4353221852447637,0,INFO,0.0,0,0,0,0,423
37233,1.704036679509515,0,INFO,0.0,0,0,0,0,424
37234,1.9294207909813308,0,INFO,0.0,0,0,0,0,425
37235,2.1361332826566257,0,INFO,0.0,0,0,0,0,426
37236,2.4048477769213767,0,INFO,0.0,0,0,0,0,427
37202,1.1666076909800132,0,INFO,0.0,0,0,0,0,428
37188,1.2099380737729482,0,INFO,0.0,0,0,0,0,429
37187,1.2099380737729482,0,INFO,0.0,0,0,0,0,430
37186,1.4786525680376992,0,INFO,0.0,0,0,0,0,431
37240,2.092802899863691,0,INFO,0.0,0,0,0,0,432
37239,2.092802899863691,0,INFO,0.0,0,0,0,0,433
37173,1.6173759139236452,0,INFO,0.0,0,0,0,0,434
37174,1.3919918024518287,0,INFO,0.0,0,0,0,0,435
37175,1.3919918024518287,0,INFO,0.0,0,0,0,0,436
37176,1.1666076909800132,0,INFO,0.0,0,0,0,0,437
37177,1.4353221852447637,0,INFO,0.0,0,0,0,0,438
37178,1.1666076909800132,0,INFO,0.0,0,0,0,0,439
37179,1.2099380737729482,0,INFO,0.0,0,0,0,0,440
37180,1.4786525680376992,0,INFO,0.0,0,0,0,0,441
37181,1.478652568037699,0,INFO,0.0,0,0,0,0,442
37182,1.4786525680376992,0,INFO,0.0,0,0,0,0,443
37183,1.4786525680376992,0,INFO,0.0,0,0,0,0,444
37184,1.4786525680376992,0,INFO,0.0,0,0,0,0,445
37185,1.4786525680376992,0,INFO,0.0,0,0,0,0,446
37256,2.4447900758690717,0,INFO,0.0,0,0,0,0,447
37257,2.4881204586620065,0,INFO,0.0,0,0,0,0,448
37258,2.2627363471901902,0,INFO,0.0,0,0,0,0,449
37237,2.1361332826566257,0,INFO,0.0,0,0,0,0,450
37313,2.241465668039017,0,INFO,0.0,0,0,0,0,451
37312,2.016081556567201,0,INFO,0.0,0,0,0,0,452
37311,1.950691470132505,0,INFO,0.0,0,0,0,0,453
37310,1.9073610873395694,0,INFO,0.0,0,0,0,0,454
37309,1.8640307045466349,0,INFO,0.0,0,0,0,0,455
37308,1.6386465930748189,0,INFO,0.0,0,0,0,0,456
37307,1.9073610873395694,0,INFO,0.0,0,0,0,0,457
37305,1.5953162102818836,0,INFO,0.0,0,0,0,0,458
37259,2.219405964397255,0,INFO,0.0,0,0,0,0,459
37304,1.5953162102818839,0,INFO,0.0,0,0,0,0,460
37303,1.6386465930748189,0,INFO,0.0,0,0,0,0,461
37302,1.6386465930748189,0,INFO,0.0,0,0,0,0,462
37301,1.6607062967165802,0,INFO,0.0,0,0,0,0,463
37300,1.7040366795095154,0,INFO,0.0,0,0,0,0,464
37299,1.7040366795095154,0,INFO,0.0,0,0,0,0,465
37298,1.9294207909813308,0,INFO,0.0,0,0,0,0,466
37314,2.2847960508319516,0,INFO,0.0,0,0,0,0,467
37315,2.2847960508319516,0,INFO,0.0,0,0,0,0,468
37316,2.2847960508319516,0,INFO,0.0,0,0,0,0,469
37317,2.241465668039017,0,INFO,0.0,0,0,0,0,470
37332,2.1114745196602116,0,INFO,0.0,0,0,0,0,471
37331,2.0894148160184502,0,INFO,0.0,0,0,0,0,472
37330,2.1327451988113855,0,INFO,0.0,0,0,0,0,473
37329,1.8640307045466347,0,INFO,0.0,0,0,0,0,474
37328,1.8207003217536997,0,INFO,0.0,0,0,0,0,475
37327,1.8207003217536994,0,INFO,0.0,0,0,0,0,476
37326,1.8207003217536997,0,INFO,0.0,0,0,0,0,477
37325,1.8207003217536997,0,INFO,0.0,0,0,0,0,478
37324,1.8640307045466349,0,INFO,0.0,0,0,0,0,479
37323,1.9073610873395694,0,INFO,0.0,0,0,0,0,480
37322,2.132745198811386,0,INFO,0.0,0,0,0,0,481
37321,2.198135285246082,0,INFO,0.0,0,0,0,0,482
37320,2.1981352852460816,0,INFO,0.0,0,0,0,0,483
37319,2.466849779510832,0,INFO,0.0,0,0,0,0,484
37318,2.4668497795108326,0,INFO,0.0,0,0,0,0,485
37297,1.9294207909813308,0,INFO,0.0,0,0,0,0,486
37296,2.198135285246082,0,INFO,0.0,0,0,0,0,487
37295,2.198135285246082,0,INFO,0.0,0,0,0,0,488
37276,2.0673551123766893,0,INFO,0.0,0,0,0,0,489
37274,2.024024729583754,0,INFO,0.0,0,0,0,0,490
37273,2.06735511237669,0,INFO,0.0,0,0,0,0,491
37272,2.0894148160184502,0,INFO,0.0,0,0,0,0,492
37271,2.0460844332255155,0,INFO,0.0,0,0,0,0,493
37270,2.0894148160184502,0,INFO,0.0,0,0,0,0,494
37269,2.3581293102832017,0,INFO,0.0,0,0,0,0,495
37268,2.314798927490266,0,INFO,0.0,0,0,0,0,496
37267,2.0894148160184502,0,INFO,0.0,0,0,0,0,497
37266,2.154804902453147,0,INFO,0.0,0,0,0,0,498
37265,2.1981352852460816,0,INFO,0.0,0,0,0,0,499
37264,2.241465668039017,0,INFO,0.0,0,0,0,0,500
37263,2.241465668039017,0,INFO,0.0,0,0,0,0,501
37262,2.219405964397256,0,INFO,0.0,0,0,0,0,502
37261,2.2627363471901907,0,INFO,0.0,0,0,0,0,503
37260,2.219405964397256,0,INFO,0.0,0,0,0,0,504
37275,2.0240247295837546,0,INFO,0.0,0,0,0,0,505
37277,2.0894148160184502,0,INFO,0.0,0,0,0,0,506
37294,2.198135285246082,0,INFO,0.0,0,0,0,0,507
37278,2.132745198811386,0,INFO,0.0,0,0,0,0,508
37293,1.9294207909813308,0,INFO,0.0,0,0,0,0,509
37292,2.154804902453147,0,INFO,0.0,0,0,0,0,510
37291,2.1327451988113855,0,INFO,0.0,0,0,0,0,511
37290,2.0894148160184502,0,INFO,0.0,0,0,0,0,512
37289,2.1327451988113855,0,INFO,0.0,0,0,0,0,513
37288,2.132745198811386,0,INFO,0.0,0,0,0,0,514
37287,2.132745198811386,0,INFO,0.0,0,0,0,0,515
37286,2.0894148160184502,0,INFO,0.0,0,0,0,0,516
37285,2.132745198811386,0,INFO,0.0,0,0,0,0,517
37284,2.0894148160184502,0,INFO,0.0,0,0,0,0,518
37283,2.314798927490266,0,INFO,0.0,0,0,0,0,519
37282,2.2927392238485056,0,INFO,0.0,0,0,0,0,520
37281,2.3581293102832017,0,INFO,0.0,0,0,0,0,521
37280,2.3581293102832017,0,INFO,0.0,0,0,0,0,522
37279,2.0894148160184502,0,INFO,0.0,0,0,0,0,523
37506,2.0160815565672006,0,INFO,0.0,0,0,0,0,524
37668,1.7577783580868072,0,INFO,0.0,0,0,0,0,525
37508,2.2847960508319516,0,INFO,0.0,0,0,0,0,526
42615,1.0278843450940673,0,INFO,0.0,0,0,0,0,527
45057,1.3371046132086803,0,INFO,0.0,0,0,0,0,528
45056,1.3371046132086803,0,INFO,0.0,0,0,0,0,529
45055,1.3371046132086803,0,INFO,0.0,0,0,0,0,530
45054,1.3371046132086803,0,INFO,0.0,0,0,0,0,531
45046,1.6760097560897835,0,INFO,0.0,0,0,0,0,532
42618,1.2532684565658834,0,INFO,0.0,0,0,0,0,533
42617,1.0278843450940673,0,INFO,0.0,0,0,0,0,534
42616,1.0278843450940673,0,INFO,0.0,0,0,0,0,535
42614,1.0278843450940673,0,INFO,0.0,0,0,0,0,536
45061,1.245941797251524,0,INFO,0.0,0,0,0,0,537
42613,1.0278843450940673,0,INFO,0.0,0,0,0,0,538
42612,1.0278843450940673,0,INFO,0.0,0,0,0,0,539
42408,1.1666076909800132,0,INFO,0.0,0,0,0,0,540
42379,1.1666076909800132,0,INFO,0.0,0,0,0,0,541
42247,1.1592333420714405,0,INFO,0.0,0,0,0,0,542
42246,1.1592333420714405,0,INFO,0.0,0,0,0,0,543
42245,1.1592333420714405,0,INFO,0.0,0,0,0,0,544
42244,1.1592333420714405,0,INFO,0.0,0,0,0,0,545
45060,1.245941797251524,0,INFO,0.0,0,0,0,0,546
45062,1.245941797251524,0,INFO,0.0,0,0,0,0,547
45733,1.6760097560897835,0,INFO,0.0,0,0,0,0,548
45342,1.3182414069492796,0,INFO,0.0,0,0,0,0,549
45730,1.281907722194479,0,INFO,0.0,0,0,0,0,550
45490,1.5320283592917325,0,INFO,0.0,0,0,0,0,551
45489,1.5320283592917325,0,INFO,0.0,0,0,0,0,552
45347,1.3182414069492796,0,INFO,0.0,0,0,0,0,553
45346,1.3182414069492796,0,INFO,0.0,0,0,0,0,554
45345,1.3182414069492796,0,INFO,0.0,0,0,0,0,555
45344,1.3182414069492796,0,INFO,0.0,0,0,0,0,556
45343,1.3182414069492796,0,INFO,0.0,0,0,0,0,557
45337,1.3592833850264106,0,INFO,0.0,0,0,0,0,558
45063,1.245941797251524,0,INFO,0.0,0,0,0,0,559
45336,1.3592833850264106,0,INFO,0.0,0,0,0,0,560
45335,1.3592833850264106,0,INFO,0.0,0,0,0,0,561
45334,1.3592833850264106,0,INFO,0.0,0,0,0,0,562
45333,1.3592833850264106,0,INFO,0.0,0,0,0,0,563
45099,1.3851747966012165,0,INFO,0.0,0,0,0,0,564
45098,1.3851747966012165,0,INFO,0.0,0,0,0,0,565
45097,1.3851747966012165,0,INFO,0.0,0,0,0,0,566
45096,1.3851747966012165,0,INFO,0.0,0,0,0,0,567
42243,1.1592333420714405,0,INFO,0.0,0,0,0,0,568
42229,1.2099380737729482,0,INFO,0.0,0,0,0,0,569
42227,1.2099380737729482,0,INFO,0.0,0,0,0,0,570
41994,1.1592333420714405,0,INFO,0.0,0,0,0,0,571
42047,1.458505850079124,0,INFO,0.0,0,0,0,0,572
42046,1.7040660979223814,0,INFO,0.0,0,0,0,0,573
42045,1.4047935899146982,0,INFO,0.0,0,0,0,0,574
42044,1.4047935899146982,0,INFO,0.0,0,0,0,0,575
42043,1.4047935899146982,0,INFO,0.0,0,0,0,0,576
42042,1.1055210819070151,0,INFO,0.0,0,0,0,0,577
41996,1.1592333420714405,0,INFO,0.0,0,0,0,0,578
41995,1.1592333420714405,0,INFO,0.0,0,0,0,0,579
41993,1.1592333420714405,0,INFO,0.0,0,0,0,0,580
42226,1.253268456565883,0,INFO,0.0,0,0,0,0,581
41268,1.1592333420714405,0,INFO,0.0,0,0,0,0,582
41267,1.1592333420714405,0,INFO,0.0,0,0,0,0,583
41266,1.1592333420714405,0,INFO,0.0,0,0,0,0,584
41265,1.1592333420714405,0,INFO,0.0,0,0,0,0,585
41264,1.1592333420714405,0,INFO,0.0,0,0,0,0,586
40976,1.0518088217425896,0,INFO,0.0,0,0,0,0,587
40975,1.0518088217425896,0,INFO,0.0,0,0,0,0,588
40974,1.0518088217425896,0,INFO,0.0,0,0,0,0,589
42048,1.7577783580868072,0,INFO,0.0,0,0,0,0,590
42049,1.7577783580868072,0,INFO,0.0,0,0,0,0,591
42050,1.458505850079124,0,INFO,0.0,0,0,0,0,592
42051,1.1592333420714405,0,INFO,0.0,0,0,0,0,593
42225,1.253268456565883,0,INFO,0.0,0,0,0,0,594
42224,1.253268456565883,0,INFO,0.0,0,0,0,0,595
42179,1.1666076909800132,0,INFO,0.0,0,0,0,0,596
42178,1.1666076909800132,0,INFO,0.0,0,0,0,0,597
42177,1.4353221852447637,0,INFO,0.0,0,0,0,0,598
42176,1.4353221852447637,0,INFO,0.0,0,0,0,0,599
42175,1.704036679509515,0,INFO,0.0,0,0,0,0,600
42174,1.704036679509515,0,INFO,0.0,0,0,0,0,601
42173,1.4353221852447637,0,INFO,0.0,0,0,0,0,602
42172,1.2099380737729482,0,INFO,0.0,0,0,0,0,603
42158,1.1592333420714405,0,INFO,0.0,0,0,0,0,604
42157,1.1592333420714405,0,INFO,0.0,0,0,0,0,605
42156,1.1592333420714405,0,INFO,0.0,0,0,0,0,606
42155,1.1592333420714405,0,INFO,0.0,0,0,0,0,607
42154,1.1592333420714405,0,INFO,0.0,0,0,0,0,608
42153,1.1592333420714405,0,INFO,0.0,0,0,0,0,609
42152,1.1592333420714405,0,INFO,0.0,0,0,0,0,610
45732,1.6760097560897835,0,INFO,0.0,0,0,0,0,611
45734,1.9892836662467446,0,INFO,0.0,0,0,0,0,612
37509,2.016081556567201,0,INFO,0.0,0,0,0,0,613
47794,2.1981352852460816,0,INFO,0.0,0,0,0,0,614
47802,1.6607062967165802,0,INFO,0.0,0,0,0,0,615
47801,1.6607062967165802,0,INFO,0.0,0,0,0,0,616
47800,1.9294207909813308,0,INFO,0.0,0,0,0,0,617
47799,2.1981352852460816,0,INFO,0.0,0,0,0,0,618
47798,2.198135285246082,0,INFO,0.0,0,0,0,0,619
47797,2.198135285246082,0,INFO,0.0,0,0,0,0,620
47796,2.198135285246082,0,INFO,0.0,0,0,0,0,621
47795,2.241465668039017,0,INFO,0.0,0,0,0,0,622
47793,1.9727511737742658,0,INFO,0.0,0,0,0,0,623
47804,1.1666076909800132,0,INFO,0.0,0,0,0,0,624
47792,1.704036679509515,0,INFO,0.0,0,0,0,0,625
47791,1.704036679509515,0,INFO,0.0,0,0,0,0,626
47790,1.4353221852447637,0,INFO,0.0,0,0,0,0,627
47789,1.1666076909800132,0,INFO,0.0,0,0,0,0,628
47766,2.198135285246082,0,INFO,0.0,0,0,0,0,629
47765,1.9294207909813308,0,INFO,0.0,0,0,0,0,630
47764,1.9294207909813308,0,INFO,0.0,0,0,0,0,631
47763,1.6607062967165802,0,INFO,0.0,0,0,0,0,632
47803,1.3919918024518292,0,INFO,0.0,0,0,0,0,633
47880,1.2099380737729482,0,INFO,0.0,0,0,0,0,634
45953,1.0278843450940673,0,INFO,0.0,0,0,0,0,635
49383,1.2099380737729482,0,INFO,0.0,0,0,0,0,636
49428,1.2099380737729482,0,INFO,0.0,0,0,0,0,637
49427,1.2099380737729482,0,INFO,0.0,0,0,0,0,638
49392,1.1666076909800132,0,INFO,0.0,0,0,0,0,639
49390,1.1666076909800132,0,INFO,0.0,0,0,0,0,640
49387,1.1592333420714405,0,INFO,0.0,0,0,0,0,641
49386,1.3919918024518292,0,INFO,0.0,0,0,0,0,642
49385,1.1666076909800132,0,INFO,0.0,0,0,0,0,643
49384,1.4353221852447637,0,INFO,0.0,0,0,0,0,644
49382,1.2099380737729482,0,INFO,0.0,0,0,0,0,645
47881,1.2099380737729482,0,INFO,0.0,0,0,0,0,646
49381,1.2099380737729482,0,INFO,0.0,0,0,0,0,647
49378,1.2099380737729482,0,INFO,0.0,0,0,0,0,648
48502,1.1592333420714405,0,INFO,0.0,0,0,0,0,649
48501,1.1592333420714405,0,INFO,0.0,0,0,0,0,650
48500,1.1592333420714405,0,INFO,0.0,0,0,0,0,651
48499,1.1592333420714405,0,INFO,0.0,0,0,0,0,652
47883,1.2099380737729482,0,INFO,0.0,0,0,0,0,653
47882,1.2099380737729482,0,INFO,0.0,0,0,0,0,654
47762,1.7040366795095154,0,INFO,0.0,0,0,0,0,655
47761,1.9294207909813308,0,INFO,0.0,0,0,0,0,656
47760,1.9294207909813308,0,INFO,0.0,0,0,0,0,657
46975,1.281907722194479,0,INFO,0.0,0,0,0,0,658
47040,1.475846326485972,0,INFO,0.0,0,0,0,0,659
47039,2.330638013765481,0,INFO,0.0,0,0,0,0,660
47038,2.330638013765481,0,INFO,0.0,0,0,0,0,661
47018,1.305764025697295,0,INFO,0.0,0,0,0,0,662
47017,1.305764025697295,0,INFO,0.0,0,0,0,0,663
47016,1.305764025697295,0,INFO,0.0,0,0,0,0,664
47015,1.305764025697295,0,INFO,0.0,0,0,0,0,665
47014,1.305764025697295,0,INFO,0.0,0,0,0,0,666
46974,1.281907722194479,0,INFO,0.0,0,0,0,0,667
47759,1.886090408188396,0,INFO,0.0,0,0,0,0,668
46973,1.281907722194479,0,INFO,0.0,0,0,0,0,669
46972,1.281907722194479,0,INFO,0.0,0,0,0,0,670
46971,1.9338670091981485,0,INFO,0.0,0,0,0,0,671
46970,1.9338670091981485,0,INFO,0.0,0,0,0,0,672
46969,1.281907722194479,0,INFO,0.0,0,0,0,0,673
46968,1.4188238202007495,0,INFO,0.0,0,0,0,0,674
46967,1.4188238202007495,0,INFO,0.0,0,0,0,0,675
46966,1.4188238202007495,0,INFO,0.0,0,0,0,0,676
47041,1.475846326485972,0,INFO,0.0,0,0,0,0,677
47042,1.281907722194479,0,INFO,0.0,0,0,0,0,678
47116,1.281907722194479,0,INFO,0.0,0,0,0,0,679
47117,1.281907722194479,0,INFO,0.0,0,0,0,0,680
47758,1.8427600253954608,0,INFO,0.0,0,0,0,0,681
47757,1.6173759139236452,0,INFO,0.0,0,0,0,0,682
47756,1.617375913923645,0,INFO,0.0,0,0,0,0,683
47755,1.8427600253954608,0,INFO,0.0,0,0,0,0,684
47754,1.8427600253954608,0,INFO,0.0,0,0,0,0,685
47753,1.8427600253954608,0,INFO,0.0,0,0,0,0,686
47752,1.7577783580868072,0,INFO,0.0,0,0,0,0,687
47751,1.458505850079124,0,INFO,0.0,0,0,0,0,688
47750,1.1592333420714405,0,INFO,0.0,0,0,0,0,689
47496,1.1666076909800132,0,INFO,0.0,0,0,0,0,690
47495,1.1666076909800132,0,INFO,0.0,0,0,0,0,691
47494,1.166607690980013,0,INFO,0.0,0,0,0,0,692
47122,1.281907722194479,0,INFO,0.0,0,0,0,0,693
47121,1.281907722194479,0,INFO,0.0,0,0,0,0,694
47120,1.281907722194479,0,INFO,0.0,0,0,0,0,695
47119,1.281907722194479,0,INFO,0.0,0,0,0,0,696
47118,1.281907722194479,0,INFO,0.0,0,0,0,0,697
40972,1.1055210819070151,0,INFO,0.0,0,0,0,0,698
40747,1.1592333420714405,0,INFO,0.0,0,0,0,0,699
40746,1.1592333420714405,0,INFO,0.0,0,0,0,0,700
37633,2.1548049024531473,0,INFO,0.0,0,0,0,0,701
37641,1.617375913923645,0,INFO,0.0,0,0,0,0,702
37640,1.6607062967165802,0,INFO,0.0,0,0,0,0,703
37639,1.6173759139236452,0,INFO,0.0,0,0,0,0,704
37638,1.6607062967165798,0,INFO,0.0,0,0,0,0,705
37637,1.8860904081883962,0,INFO,0.0,0,0,0,0,706
37636,1.6607062967165802,0,INFO,0.0,0,0,0,0,707
37635,1.886090408188396,0,INFO,0.0,0,0,0,0,708
37634,2.154804902453147,0,INFO,0.0,0,0,0,0,709
37632,1.9294207909813312,0,INFO,0.0,0,0,0,0,710
37643,1.6607062967165802,0,INFO,0.0,0,0,0,0,711
37631,1.9294207909813308,0,INFO,0.0,0,0,0,0,712
37630,1.6607062967165798,0,INFO,0.0,0,0,0,0,713
37629,1.704036679509515,0,INFO,0.0,0,0,0,0,714
37628,1.6607062967165802,0,INFO,0.0,0,0,0,0,715
37627,1.6607062967165798,0,INFO,0.0,0,0,0,0,716
37626,1.8860904081883956,0,INFO,0.0,0,0,0,0,717
37625,1.8456393486744653,0,INFO,0.0,0,0,0,0,718
37624,1.7836373460850095,0,INFO,0.0,0,0,0,0,719
37642,1.6173759139236452,0,INFO,0.0,0,0,0,0,720
37644,1.6607062967165795,0,INFO,0.0,0,0,0,0,721
40745,1.1592333420714405,0,INFO,0.0,0,0,0,0,722
37655,1.9294207909813308,0,INFO,0.0,0,0,0,0,723
37663,1.6173759139236452,0,INFO,0.0,0,0,0,0,724
37662,1.8427600253954608,0,INFO,0.0,0,0,0,0,725
37661,1.8427600253954608,0,INFO,0.0,0,0,0,0,726
37660,1.6173759139236452,0,INFO,0.0,0,0,0,0,727
37659,1.617375913923645,0,INFO,0.0,0,0,0,0,728
37658,1.8860904081883962,0,INFO,0.0,0,0,0,0,729
37657,1.9294207909813308,0,INFO,0.0,0,0,0,0,730
37656,1.9294207909813308,0,INFO,0.0,0,0,0,0,731
37654,2.198135285246082,0,INFO,0.0,0,0,0,0,732
37645,1.9294207909813306,0,INFO,0.0,0,0,0,0,733
37653,2.1981352852460816,0,INFO,0.0,0,0,0,0,734
37652,2.2414656680390164,0,INFO,0.0,0,0,0,0,735
37651,2.241465668039017,0,INFO,0.0,0,0,0,0,736
37650,2.4668497795108326,0,INFO,0.0,0,0,0,0,737
37649,2.5101801623037683,0,INFO,0.0,0,0,0,0,738
37648,2.466849779510833,0,INFO,0.0,0,0,0,0,739
37647,2.198135285246082,0,INFO,0.0,0,0,0,0,740
37646,2.1548049024531464,0,INFO,0.0,0,0,0,0,741
37623,1.5149228518202584,0,INFO,0.0,0,0,0,0,742
37622,1.5149228518202584,0,INFO,0.0,0,0,0,0,743
37621,1.2895387403484426,0,INFO,0.0,0,0,0,0,744
37519,1.704036679509515,0,INFO,0.0,0,0,0,0,745
37583,1.3919918024518287,0,INFO,0.0,0,0,0,0,746
37582,1.1592333420714405,0,INFO,0.0,0,0,0,0,747
37581,1.1592333420714405,0,INFO,0.0,0,0,0,0,748
37580,1.1592333420714405,0,INFO,0.0,0,0,0,0,749
37579,1.1592333420714405,0,INFO,0.0,0,0,0,0,750
37522,1.166607690980013,0,INFO,0.0,0,0,0,0,751
37521,1.3919918024518292,0,INFO,0.0,0,0,0,0,752
37520,1.4353221852447637,0,INFO,0.0,0,0,0,0,753
37518,1.4353221852447637,0,INFO,0.0,0,0,0,0,754
37620,1.2895387403484426,0,INFO,0.0,0,0,0,0,755
37517,1.6607062967165802,0,INFO,0.0,0,0,0,0,756
37516,1.9294207909813308,0,INFO,0.0,0,0,0,0,757
37515,2.1548049024531473,0,INFO,0.0,0,0,0,0,758
37514,2.154804902453147,0,INFO,0.0,0,0,0,0,759
37513,1.9294207909813308,0,INFO,0.0,0,0,0,0,760
37512,1.9727511737742658,0,INFO,0.0,0,0,0,0,761
37511,2.016081556567201,0,INFO,0.0,0,0,0,0,762
37510,2.0160815565672014,0,INFO,0.0,0,0,0,0,763
37584,1.6607062967165795,0,INFO,0.0,0,0,0,0,764
37585,1.6607062967165798,0,INFO,0.0,0,0,0,0,765
37586,1.704036679509515,0,INFO,0.0,0,0,0,0,766
37587,1.4786525680376992,0,INFO,0.0,0,0,0,0,767
37619,1.1055210819070151,0,INFO,0.0,0,0,0,0,768
37603,1.1592333420714405,0,INFO,0.0,0,0,0,0,769
37602,1.1592333420714405,0,INFO,0.0,0,0,0,0,770
37601,1.1592333420714405,0,INFO,0.0,0,0,0,0,771
37600,1.1592333420714405,0,INFO,0.0,0,0,0,0,772
37599,1.3919918024518292,0,INFO,0.0,0,0,0,0,773
37598,1.3919918024518292,0,INFO,0.0,0,0,0,0,774
37597,1.4353221852447637,0,INFO,0.0,0,0,0,0,775
37596,1.4353221852447637,0,INFO,0.0,0,0,0,0,776
37595,1.704036679509515,0,INFO,0.0,0,0,0,0,777
37594,1.7040366795095154,0,INFO,0.0,0,0,0,0,778
37593,1.74736706230245,0,INFO,0.0,0,0,0,0,779
37592,1.7473670623024498,0,INFO,0.0,0,0,0,0,780
37591,1.7473670623024498,0,INFO,0.0,0,0,0,0,781
37590,1.790697445095385,0,INFO,0.0,0,0,0,0,782
37589,1.521982950830634,0,INFO,0.0,0,0,0,0,783
37588,1.74736706230245,0,INFO,0.0,0,0,0,0,784
37664,1.6173759139236452,0,INFO,0.0,0,0,0,0,785
37665,1.8427600253954608,0,INFO,0.0,0,0,0,0,786
37666,1.8427600253954608,0,INFO,0.0,0,0,0,0,787
38176,1.4786525680376992,0,INFO,0.0,0,0,0,0,788
38427,1.281907722194479,0,INFO,0.0,0,0,0,0,789
38426,1.281907722194479,0,INFO,0.0,0,0,0,0,790
38425,1.281907722194479,0,INFO,0.0,0,0,0,0,791
38424,1.281907722194479,0,INFO,0.0,0,0,0,0,792
38180,1.0278843450940673,0,INFO,0.0,0,0,0,0,793
38179,1.253268456565883,0,INFO,0.0,0,0,0,0,794
38178,1.521982950830634,0,INFO,0.0,0,0,0,0,795
38177,1.74736706230245,0,INFO,0.0,0,0,0,0,796
38175,1.2099380737729482,0,INFO,0.0,0,0,0,0,797
38160,1.2965988393588181,0,INFO,0.0,0,0,0,0,798
38174,1.2099380737729482,0,INFO,0.0,0,0,0,0,799
38173,1.2099380737729482,0,INFO,0.0,0,0,0,0,800
38172,1.2099380737729482,0,INFO,0.0,0,0,0,0,801
38171,1.2099380737729482,0,INFO,0.0,0,0,0,0,802
38165,1.0278843450940673,0,INFO,0.0,0,0,0,0,803
38164,1.0278843450940673,0,INFO,0.0,0,0,0,0,804
38163,1.0278843450940673,0,INFO,0.0,0,0,0,0,805
38162,1.0278843450940673,0,INFO,0.0,0,0,0,0,806
38428,1.281907722194479,0,INFO,0.0,0,0,0,0,807
38429,1.281907722194479,0,INFO,0.0,0,0,0,0,808
38430,1.281907722194479,0,INFO,0.0,0,0,0,0,809
38431,1.281907722194479,0,INFO,0.0,0,0,0,0,810
40744,1.458505850079124,0,INFO,0.0,0,0,0,0,811
40743,1.458505850079124,0,INFO,0.0,0,0,0,0,812
40742,1.458505850079124,0,INFO,0.0,0,0,0,0,813
40741,1.1592333420714405,0,INFO,0.0,0,0,0,0,814
40029,1.253268456565883,0,INFO,0.0,0,0,0,0,815
40028,1.253268456565883,0,INFO,0.0,0,0,0,0,816
40027,1.253268456565883,0,INFO,0.0,0,0,0,0,817
40026,1.253268456565883,0,INFO,0.0,0,0,0,0,818
39887,1.2099380737729482,0,INFO,0.0,0,0,0,0,819
39886,1.4786525680376992,0,INFO,0.0,0,0,0,0,820
39885,1.4786525680376992,0,INFO,0.0,0,0,0,0,821
39884,1.2099380737729482,0,INFO,0.0,0,0,0,0,822
39883,1.2099380737729482,0,INFO,0.0,0,0,0,0,823
39351,1.1281681010985674,0,INFO,0.0,0,0,0,0,824
39350,1.1281681010985674,0,INFO,0.0,0,0,0,0,825
39349,1.1281681010985674,0,INFO,0.0,0,0,0,0,826
38432,1.281907722194479,0,INFO,0.0,0,0,0,0,827
38161,1.0278843450940673,0,INFO,0.0,0,0,0,0,828
38159,1.0278843450940673,0,INFO,0.0,0,0,0,0,829
37667,1.7577783580868072,0,INFO,0.0,0,0,0,0,830
37677,1.3919918024518292,0,INFO,0.0,0,0,0,0,831
37738,1.0278843450940673,0,INFO,0.0,0,0,0,0,832
37694,1.2532684565658834,0,INFO,0.0,0,0,0,0,833
37693,1.521982950830634,0,INFO,0.0,0,0,0,0,834
37692,1.5653133336235692,0,INFO,0.0,0,0,0,0,835
37691,1.5653133336235692,0,INFO,0.0,0,0,0,0,836
37690,1.8340278278883198,0,INFO,0.0,0,0,0,0,837
37679,1.6607062967165802,0,INFO,0.0,0,0,0,0,838
37678,1.3919918024518292,0,INFO,0.0,0,0,0,0,839
37676,1.1666076909800132,0,INFO,0.0,0,0,0,0,840
38128,1.0278843450940673,0,INFO,0.0,0,0,0,0,841
37675,1.3919918024518287,0,INFO,0.0,0,0,0,0,842
37674,1.6173759139236452,0,INFO,0.0,0,0,0,0,843
37673,1.617375913923645,0,INFO,0.0,0,0,0,0,844
37672,1.3919918024518287,0,INFO,0.0,0,0,0,0,845
37671,1.6173759139236452,0,INFO,0.0,0,0,0,0,846
37670,1.7577783580868072,0,INFO,0.0,0,0,0,0,847
37669,1.7577783580868072,0,INFO,0.0,0,0,0,0,848
36411,1.1666076909800132,0,INFO,0.0,0,0,0,0,849
37956,1.281907722194479,0,INFO,0.0,0,0,0,0,850
37957,1.281907722194479,0,INFO,0.0,0,0,0,0,851
37958,1.281907722194479,0,INFO,0.0,0,0,0,0,852
37959,1.281907722194479,0,INFO,0.0,0,0,0,0,853
38127,1.0278843450940673,0,INFO,0.0,0,0,0,0,854
38126,1.0278843450940673,0,INFO,0.0,0,0,0,0,855
38125,1.0278843450940673,0,INFO,0.0,0,0,0,0,856
38106,1.0278843450940673,0,INFO,0.0,0,0,0,0,857
38105,1.2965988393588181,0,INFO,0.0,0,0,0,0,858
38104,1.0278843450940673,0,INFO,0.0,0,0,0,0,859
38103,1.0278843450940673,0,INFO,0.0,0,0,0,0,860
38102,1.0278843450940673,0,INFO,0.0,0,0,0,0,861
38101,1.0278843450940673,0,INFO,0.0,0,0,0,0,862
38049,1.0278843450940673,0,INFO,0.0,0,0,0,0,863
38048,1.2965988393588181,0,INFO,0.0,0,0,0,0,864
38047,1.0278843450940673,0,INFO,0.0,0,0,0,0,865
38046,1.2965988393588181,0,INFO,0.0,0,0,0,0,866
38045,1.2965988393588181,0,INFO,0.0,0,0,0,0,867
38044,1.0278843450940673,0,INFO,0.0,0,0,0,0,868
38043,1.0278843450940673,0,INFO,0.0,0,0,0,0,869
38042,1.0278843450940673,0,INFO,0.0,0,0,0,0,870
36413,1.2099380737729482,0,INFO,0.0,0,0,0,0,871
36293,1.171124388181154,0,INFO,0.0,0,0,0,0,872
36410,1.1299417349937977,0,INFO,0.0,0,0,0,0,873
15278,1.2003793621618843,0,INFO,0.0,0,0,0,0,874
15276,1.2003793621618843,0,INFO,0.0,0,0,0,0,875
14893,1.1299417349937977,0,INFO,0.0,0,0,0,0,876
14892,1.1299417349937977,0,INFO,0.0,0,0,0,0,877
14891,1.1299417349937977,0,INFO,0.0,0,0,0,0,878
14890,1.3699320988100678,0,INFO,0.0,0,0,0,0,879
14889,1.3699320988100678,0,INFO,0.0,0,0,0,0,880
14888,1.4132624816030026,0,INFO,0.0,0,0,0,0,881
14887,1.6386465930748189,0,INFO,0.0,0,0,0,0,882
14886,1.8640307045466349,0,INFO,0.0,0,0,0,0,883
14885,1.8640307045466349,0,INFO,0.0,0,0,0,0,884
14884,1.9294207909813308,0,INFO,0.0,0,0,0,0,885
14883,1.704036679509515,0,INFO,0.0,0,0,0,0,886
14882,1.4353221852447637,0,INFO,0.0,0,0,0,0,887
14881,1.704036679509515,0,INFO,0.0,0,0,0,0,888
14880,1.6607062967165802,0,INFO,0.0,0,0,0,0,889
14879,1.9294207909813308,0,INFO,0.0,0,0,0,0,890
14878,1.8860904081883962,0,INFO,0.0,0,0,0,0,891
14877,1.886090408188396,0,INFO,0.0,0,0,0,0,892
14876,1.8640307045466349,0,INFO,0.0,0,0,0,0,893
14875,1.9073610873395694,0,INFO,0.0,0,0,0,0,894
14874,1.9073610873395694,0,INFO,0.0,0,0,0,0,895
15277,1.2003793621618843,0,INFO,0.0,0,0,0,0,896
15279,1.2003793621618843,0,INFO,0.0,0,0,0,0,897
16070,1.1592333420714405,0,INFO,0.0,0,0,0,0,898
15280,1.2003793621618843,0,INFO,0.0,0,0,0,0,899
15530,1.1055210819070151,0,INFO,0.0,0,0,0,0,900
15529,1.1055210819070151,0,INFO,0.0,0,0,0,0,901
15528,1.1055210819070151,0,INFO,0.0,0,0,0,0,902
15527,1.1055210819070151,0,INFO,0.0,0,0,0,0,903
15526,1.1055210819070151,0,INFO,0.0,0,0,0,0,904
15525,1.1055210819070151,0,INFO,0.0,0,0,0,0,905
15321,1.1592333420714405,0,INFO,0.0,0,0,0,0,906
15320,1.1592333420714405,0,INFO,0.0,0,0,0,0,907
15319,1.1592333420714405,0,INFO,0.0,0,0,0,0,908
15318,1.458505850079124,0,INFO,0.0,0,0,0,0,909
15317,1.458505850079124,0,INFO,0.0,0,0,0,0,910
15316,1.458505850079124,0,INFO,0.0,0,0,0,0,911
15315,1.7577783580868072,0,INFO,0.0,0,0,0,0,912
15314,1.458505850079124,0,INFO,0.0,0,0,0,0,913
15313,1.1592333420714405,0,INFO,0.0,0,0,0,0,914
15312,1.1592333420714405,0,INFO,0.0,0,0,0,0,915
15285,1.2003793621618843,0,INFO,0.0,0,0,0,0,916
15284,1.2003793621618843,0,INFO,0.0,0,0,0,0,917
15283,1.2003793621618843,0,INFO,0.0,0,0,0,0,918
15282,1.2003793621618843,0,INFO,0.0,0,0,0,0,919
15281,1.2003793621618843,0,INFO,0.0,0,0,0,0,920
14873,1.9073610873395694,0,INFO,0.0,0,0,0,0,921
14872,2.1106854951696246,0,INFO,0.0,0,0,0,0,922
14871,2.1106854951696246,0,INFO,0.0,0,0,0,0,923
14870,2.1540158779625593,0,INFO,0.0,0,0,0,0,924
12615,1.1666076909800132,0,INFO,0.0,0,0,0,0,925
12614,1.1666076909800132,0,INFO,0.0,0,0,0,0,926
12528,1.1592333420714405,0,INFO,0.0,0,0,0,0,927
12527,1.458505850079124,0,INFO,0.0,0,0,0,0,928
12526,1.458505850079124,0,INFO,0.0,0,0,0,0,929
12525,1.458505850079124,0,INFO,0.0,0,0,0,0,930
12524,1.458505850079124,0,INFO,0.0,0,0,0,0,931
12523,1.458505850079124,0,INFO,0.0,0,0,0,0,932
12522,1.458505850079124,0,INFO,0.0,0,0,0,0,933
12521,1.1592333420714405,0,INFO,0.0,0,0,0,0,934
12344,1.2003793621618843,0,INFO,0.0,0,0,0,0,935
12343,1.2003793621618843,0,INFO,0.0,0,0,0,0,936
12342,1.2003793621618843,0,INFO,0.0,0,0,0,0,937
12341,1.2003793621618843,0,INFO,0.0,0,0,0,0,938
12340,1.2003793621618843,0,INFO,0.0,0,0,0,0,939
12339,1.2003793621618843,0,INFO,0.0,0,0,0,0,940
12338,1.2003793621618843,0,INFO,0.0,0,0,0,0,941
12337,1.2003793621618843,0,INFO,0.0,0,0,0,0,942
12336,1.2003793621618843,0,INFO,0.0,0,0,0,0,943
12335,1.2003793621618843,0,INFO,0.0,0,0,0,0,944
12021,1.1592333420714405,0,INFO,0.0,0,0,0,0,945
12616,1.1666076909800132,0,INFO,0.0,0,0,0,0,946
12617,1.1666076909800132,0,INFO,0.0,0,0,0,0,947
13186,1.1666076909800132,0,INFO,0.0,0,0,0,0,948
13923,1.1666076909800132,0,INFO,0.0,0,0,0,0,949
14869,1.9676670493608805,0,INFO,0.0,0,0,0,0,950
14868,1.9676670493608805,0,INFO,0.0,0,0,0,0,951
14867,1.9676670493608805,0,INFO,0.0,0,0,0,0,952
14866,1.2312087529241222,0,INFO,0.0,0,0,0,0,953
13946,1.1592333420714405,0,INFO,0.0,0,0,0,0,954
13945,1.458505850079124,0,INFO,0.0,0,0,0,0,955
13944,1.458505850079124,0,INFO,0.0,0,0,0,0,956
13943,1.1592333420714405,0,INFO,0.0,0,0,0,0,957
13942,1.1592333420714405,0,INFO,0.0,0,0,0,0,958
13922,1.1666076909800132,0,INFO,0.0,0,0,0,0,959
13187,1.1666076909800132,0,INFO,0.0,0,0,0,0,960
13921,1.1666076909800132,0,INFO,0.0,0,0,0,0,961
13920,1.1666076909800132,0,INFO,0.0,0,0,0,0,962
13919,1.1666076909800132,0,INFO,0.0,0,0,0,0,963
13193,1.1592333420714405,0,INFO,0.0,0,0,0,0,964
13192,1.1592333420714405,0,INFO,0.0,0,0,0,0,965
13191,1.1592333420714405,0,INFO,0.0,0,0,0,0,966
13190,1.1592333420714405,0,INFO,0.0,0,0,0,0,967
13189,1.1592333420714405,0,INFO,0.0,0,0,0,0,968
13188,1.1592333420714405,0,INFO,0.0,0,0,0,0,969
15531,1.1055210819070151,0,INFO,0.0,0,0,0,0,970
16071,1.458505850079124,0,INFO,0.0,0,0,0,0,971
36409,1.1299417349937977,0,INFO,0.0,0,0,0,0,972
19836,1.1592333420714405,0,INFO,0.0,0,0,0,0,973
19833,1.1592333420714405,0,INFO,0.0,0,0,0,0,974
19832,1.458505850079124,0,INFO,0.0,0,0,0,0,975
19831,1.1592333420714405,0,INFO,0.0,0,0,0,0,976
19830,1.1592333420714405,0,INFO,0.0,0,0,0,0,977
19789,1.2003793621618843,0,INFO,0.0,0,0,0,0,978
19788,1.2003793621618843,0,INFO,0.0,0,0,0,0,979
19787,1.2003793621618843,0,INFO,0.0,0,0,0,0,980
19786,1.2003793621618843,0,INFO,0.0,0,0,0,0,981
19785,1.2003793621618843,0,INFO,0.0,0,0,0,0,982
19784,1.2003793621618843,0,INFO,0.0,0,0,0,0,983
19783,1.2003793621618843,0,INFO,0.0,0,0,0,0,984
19782,1.2003793621618843,0,INFO,0.0,0,0,0,0,985
19781,1.2003793621618843,0,INFO,0.0,0,0,0,0,986
19780,1.2003793621618843,0,INFO,0.0,0,0,0,0,987
19212,1.4270491397781464,0,INFO,0.0,0,0,0,0,988
19211,1.4270491397781464,0,INFO,0.0,0,0,0,0,989
19210,1.4270491397781464,0,INFO,0.0,0,0,0,0,990
19209,1.4270491397781464,0,INFO,0.0,0,0,0,0,991
19208,1.4270491397781464,0,INFO,0.0,0,0,0,0,992
19207,1.4270491397781464,0,INFO,0.0,0,0,0,0,993
19206,1.4270491397781464,0,INFO,0.0,0,0,0,0,994
19834,1.1592333420714405,0,INFO,0.0,0,0,0,0,995
19837,1.1592333420714405,0,INFO,0.0,0,0,0,0,996
16072,1.458505850079124,0,INFO,0.0,0,0,0,0,997
19838,1.1592333420714405,0,INFO,0.0,0,0,0,0,998
21636,1.458505850079124,0,INFO,0.0,0,0,0,0,999
21635,1.1592333420714405,0,INFO,0.0,0,0,0,0,1000
21513,1.1592333420714405,0,INFO,0.0,0,0,0,0,1001
21512,1.458505850079124,0,INFO,0.0,0,0,0,0,1002
21511,1.7577783580868072,0,INFO,0.0,0,0,0,0,1003
21510,1.7577783580868072,0,INFO,0.0,0,0,0,0,1004
21509,1.7577783580868072,0,INFO,0.0,0,0,0,0,1005
21508,1.7577783580868072,0,INFO,0.0,0,0,0,0,1006
21507,1.458505850079124,0,INFO,0.0,0,0,0,0,1007
21506,1.1592333420714405,0,INFO,0.0,0,0,0,0,1008
21504,1.1592333420714405,0,INFO,0.0,0,0,0,0,1009
19871,1.1592333420714405,0,INFO,0.0,0,0,0,0,1010
19870,1.1592333420714405,0,INFO,0.0,0,0,0,0,1011
19869,1.458505850079124,0,INFO,0.0,0,0,0,0,1012
19868,1.7577783580868072,0,INFO,0.0,0,0,0,0,1013
19867,1.7577783580868072,0,INFO,0.0,0,0,0,0,1014
19866,1.7577783580868072,0,INFO,0.0,0,0,0,0,1015
19865,1.7577783580868072,0,INFO,0.0,0,0,0,0,1016
19864,1.458505850079124,0,INFO,0.0,0,0,0,0,1017
19863,1.1592333420714405,0,INFO,0.0,0,0,0,0,1018
19839,1.1592333420714405,0,INFO,0.0,0,0,0,0,1019
18516,1.1592333420714405,0,INFO,0.0,0,0,0,0,1020
18515,1.1592333420714405,0,INFO,0.0,0,0,0,0,1021
18514,1.458505850079124,0,INFO,0.0,0,0,0,0,1022
18513,1.7577783580868072,0,INFO,0.0,0,0,0,0,1023
16611,1.3919918024518292,0,INFO,0.0,0,0,0,0,1024
16610,1.3919918024518292,0,INFO,0.0,0,0,0,0,1025
16609,1.1666076909800132,0,INFO,0.0,0,0,0,0,1026
16608,1.1666076909800132,0,INFO,0.0,0,0,0,0,1027
16607,1.1592333420714405,0,INFO,0.0,0,0,0,0,1028
16606,1.1592333420714405,0,INFO,0.0,0,0,0,0,1029
16605,1.1135450820548853,0,INFO,0.0,0,0,0,0,1030
16604,1.4128175900625688,0,INFO,0.0,0,0,0,0,1031
16603,1.7120900980702516,0,INFO,0.0,0,0,0,0,1032
16602,1.7120900980702516,0,INFO,0.0,0,0,0,0,1033
16601,2.011362606077935,0,INFO,0.0,0,0,0,0,1034
16600,2.011362606077935,0,INFO,0.0,0,0,0,0,1035
16599,2.011362606077935,0,INFO,0.0,0,0,0,0,1036
16598,1.7120900980702516,0,INFO,0.0,0,0,0,0,1037
16597,1.4128175900625688,0,INFO,0.0,0,0,0,0,1038
16596,1.1135450820548853,0,INFO,0.0,0,0,0,0,1039
16077,1.1592333420714405,0,INFO,0.0,0,0,0,0,1040
16076,1.1592333420714405,0,INFO,0.0,0,0,0,0,1041
16075,1.458505850079124,0,INFO,0.0,0,0,0,0,1042
16074,1.458505850079124,0,INFO,0.0,0,0,0,0,1043
16073,1.458505850079124,0,INFO,0.0,0,0,0,0,1044
16612,1.6173759139236452,0,INFO,0.0,0,0,0,0,1045
16613,1.7577783580868072,0,INFO,0.0,0,0,0,0,1046
16614,2.05705086609449,0,INFO,0.0,0,0,0,0,1047
16626,1.1592333420714405,0,INFO,0.0,0,0,0,0,1048
18512,2.05705086609449,0,INFO,0.0,0,0,0,0,1049
18511,2.05705086609449,0,INFO,0.0,0,0,0,0,1050
18510,2.05705086609449,0,INFO,0.0,0,0,0,0,1051
18509,1.7577783580868072,0,INFO,0.0,0,0,0,0,1052
18508,1.458505850079124,0,INFO,0.0,0,0,0,0,1053
18507,1.1592333420714405,0,INFO,0.0,0,0,0,0,1054
18506,1.1592333420714405,0,INFO,0.0,0,0,0,0,1055
18505,1.4047935899146982,0,INFO,0.0,0,0,0,0,1056
18504,1.1055210819070151,0,INFO,0.0,0,0,0,0,1057
16625,1.458505850079124,0,INFO,0.0,0,0,0,0,1058
16615,2.05705086609449,0,INFO,0.0,0,0,0,0,1059
16624,1.458505850079124,0,INFO,0.0,0,0,0,0,1060
16623,1.7577783580868072,0,INFO,0.0,0,0,0,0,1061
16622,2.05705086609449,0,INFO,0.0,0,0,0,0,1062
16621,2.3563233741021734,0,INFO,0.0,0,0,0,0,1063
16620,2.05705086609449,0,INFO,0.0,0,0,0,0,1064
16619,2.3563233741021734,0,INFO,0.0,0,0,0,0,1065
16618,2.3563233741021734,0,INFO,0.0,0,0,0,0,1066
16617,2.05705086609449,0,INFO,0.0,0,0,0,0,1067
16616,2.05705086609449,0,INFO,0.0,0,0,0,0,1068
12020,1.458505850079124,0,INFO,0.0,0,0,0,0,1069
12019,1.7040660979223814,0,INFO,0.0,0,0,0,0,1070
12018,2.0033386059300646,0,INFO,0.0,0,0,0,0,1071
1943,1.281907722194479,0,INFO,0.0,0,0,0,0,1072
1941,1.9338670091981485,0,INFO,0.0,0,0,0,0,1073
1940,1.9338670091981485,0,INFO,0.0,0,0,0,0,1074
1939,1.9338670091981485,0,INFO,0.0,0,0,0,0,1075
1938,1.9338670091981485,0,INFO,0.0,0,0,0,0,1076
1937,1.281907722194479,0,INFO,0.0,0,0,0,0,1077
1936,1.281907722194479,0,INFO,0.0,0,0,0,0,1078
1935,1.281907722194479,0,INFO,0.0,0,0,0,0,1079
1934,1.281907722194479,0,INFO,0.0,0,0,0,0,1080
1703,1.3371046132086803,0,INFO,0.0,0,0,0,0,1081
1702,1.3371046132086803,0,INFO,0.0,0,0,0,0,1082
1701,1.3371046132086803,0,INFO,0.0,0,0,0,0,1083
1700,1.3371046132086803,0,INFO,0.0,0,0,0,0,1084
1699,1.3371046132086803,0,INFO,0.0,0,0,0,0,1085
1698,1.281907722194479,0,INFO,0.0,0,0,0,0,1086
1697,1.281907722194479,0,INFO,0.0,0,0,0,0,1087
1696,1.3371046132086803,0,INFO,0.0,0,0,0,0,1088
1695,1.3371046132086803,0,INFO,0.0,0,0,0,0,1089
1694,1.3371046132086803,0,INFO,0.0,0,0,0,0,1090
690,1.4188238202007495,0,INFO,0.0,0,0,0,0,1091
689,1.281907722194479,0,INFO,0.0,0,0,0,0,1092
685,1.281907722194479,0,INFO,0.0,0,0,0,0,1093
1942,1.281907722194479,0,INFO,0.0,0,0,0,0,1094
2005,1.4188238202007495,0,INFO,0.0,0,0,0,0,1095
12017,2.0033386059300646,0,INFO,0.0,0,0,0,0,1096
2608,1.3186082400032866,0,INFO,0.0,0,0,0,0,1097
3532,1.2965988393588181,0,INFO,0.0,0,0,0,0,1098
3531,1.0278843450940673,0,INFO,0.0,0,0,0,0,1099
3523,1.0278843450940673,0,INFO,0.0,0,0,0,0,1100
3522,1.0278843450940673,0,INFO,0.0,0,0,0,0,1101
3521,1.0278843450940673,0,INFO,0.0,0,0,0,0,1102
3520,1.0278843450940673,0,INFO,0.0,0,0,0,0,1103
3519,1.0278843450940673,0,INFO,0.0,0,0,0,0,1104
3518,1.0278843450940673,0,INFO,0.0,0,0,0,0,1105
3516,1.0278843450940673,0,INFO,0.0,0,0,0,0,1106
3515,1.0278843450940673,0,INFO,0.0,0,0,0,0,1107
3502,1.0278843450940673,0,INFO,0.0,0,0,0,0,1108
3349,1.1018085629340304,0,INFO,0.0,0,0,0,0,1109
3348,1.1018085629340304,0,INFO,0.0,0,0,0,0,1110
3347,1.1018085629340304,0,INFO,0.0,0,0,0,0,1111
3346,1.1018085629340304,0,INFO,0.0,0,0,0,0,1112
3345,1.1018085629340304,0,INFO,0.0,0,0,0,0,1113
3344,1.1018085629340304,0,INFO,0.0,0,0,0,0,1114
3343,1.1018085629340304,0,INFO,0.0,0,0,0,0,1115
3342,1.1018085629340304,0,INFO,0.0,0,0,0,0,1116
3341,1.1018085629340304,0,INFO,0.0,0,0,0,0,1117
2609,1.3186082400032866,0,INFO,0.0,0,0,0,0,1118
684,1.281907722194479,0,INFO,0.0,0,0,0,0,1119
683,1.3728350099334101,0,INFO,0.0,0,0,0,0,1120
682,1.3728350099334101,0,INFO,0.0,0,0,0,0,1121
681,1.3728350099334101,0,INFO,0.0,0,0,0,0,1122
537,2.027922928440056,0,INFO,0.0,0,0,0,0,1123
536,2.027922928440056,0,INFO,0.0,0,0,0,0,1124
535,1.3759636414363863,0,INFO,0.0,0,0,0,0,1125
534,2.027922928440056,0,INFO,0.0,0,0,0,0,1126
533,1.3759636414363863,0,INFO,0.0,0,0,0,0,1127
532,1.3759636414363863,0,INFO,0.0,0,0,0,0,1128
531,1.3759636414363863,0,INFO,0.0,0,0,0,0,1129
530,1.3759636414363863,0,INFO,0.0,0,0,0,0,1130
495,1.4188238202007495,0,INFO,0.0,0,0,0,0,1131
494,1.4188238202007495,0,INFO,0.0,0,0,0,0,1132
493,1.4188238202007495,0,INFO,0.0,0,0,0,0,1133
441,1.3371046132086803,0,INFO,0.0,0,0,0,0,1134
440,1.3371046132086803,0,INFO,0.0,0,0,0,0,1135
439,1.3371046132086803,0,INFO,0.0,0,0,0,0,1136
438,1.3371046132086803,0,INFO,0.0,0,0,0,0,1137
437,1.3371046132086803,0,INFO,0.0,0,0,0,0,1138
436,1.3371046132086803,0,INFO,0.0,0,0,0,0,1139
435,1.3371046132086803,0,INFO,0.0,0,0,0,0,1140
434,1.3371046132086803,0,INFO,0.0,0,0,0,0,1141
433,1.3371046132086803,0,INFO,0.0,0,0,0,0,1142
124,1.3371046132086803,0,INFO,0.0,0,0,0,0,1143
538,1.3759636414363863,0,INFO,0.0,0,0,0,0,1144
539,1.281907722194479,0,INFO,0.0,0,0,0,0,1145
540,1.281907722194479,0,INFO,0.0,0,0,0,0,1146
613,1.281907722194479,0,INFO,0.0,0,0,0,0,1147
656,1.9404074524230854,0,INFO,0.0,0,0,0,0,1148
655,1.9404074524230854,0,INFO,0.0,0,0,0,0,1149
644,1.281907722194479,0,INFO,0.0,0,0,0,0,1150
643,1.281907722194479,0,INFO,0.0,0,0,0,0,1151
642,1.281907722194479,0,INFO,0.0,0,0,0,0,1152
641,1.281907722194479,0,INFO,0.0,0,0,0,0,1153
616,1.281907722194479,0,INFO,0.0,0,0,0,0,1154
615,1.281907722194479,0,INFO,0.0,0,0,0,0,1155
614,1.281907722194479,0,INFO,0.0,0,0,0,0,1156
612,1.281907722194479,0,INFO,0.0,0,0,0,0,1157
541,1.281907722194479,0,INFO,0.0,0,0,0,0,1158
611,1.4188238202007495,0,INFO,0.0,0,0,0,0,1159
610,1.4188238202007495,0,INFO,0.0,0,0,0,0,1160
609,1.4188238202007495,0,INFO,0.0,0,0,0,0,1161
581,1.4188238202007495,0,INFO,0.0,0,0,0,0,1162
580,1.4188238202007495,0,INFO,0.0,0,0,0,0,1163
579,1.512879739442657,0,INFO,0.0,0,0,0,0,1164
578,1.3759636414363863,0,INFO,0.0,0,0,0,0,1165
571,1.3186082400032866,0,INFO,0.0,0,0,0,0,1166
570,1.3186082400032866,0,INFO,0.0,0,0,0,0,1167
3533,1.5653133336235692,0,INFO,0.0,0,0,0,0,1168
3534,1.5653133336235692,0,INFO,0.0,0,0,0,0,1169
3535,1.8340278278883198,0,INFO,0.0,0,0,0,0,1170
4446,1.281907722194479,0,INFO,0.0,0,0,0,0,1171
8674,1.7625727943974339,0,INFO,0.0,0,0,0,0,1172
8673,1.7625727943974339,0,INFO,0.0,0,0,0,0,1173
8672,1.7625727943974339,0,INFO,0.0,0,0,0,0,1174
8671,1.7625727943974339,0,INFO,0.0,0,0,0,0,1175
8670,1.7625727943974339,0,INFO,0.0,0,0,0,0,1176
8669,1.7625727943974339,0,INFO,0.0,0,0,0,0,1177
8668,1.7625727943974339,0,INFO,0.0,0,0,0,0,1178
8667,1.7625727943974339,0,INFO,0.0,0,0,0,0,1179
8666,1.7625727943974339,0,INFO,0.0,0,0,0,0,1180
8665,1.7625727943974339,0,INFO,0.0,0,0,0,0,1181
8591,1.6190814212551536,0,INFO,0.0,0,0,0,0,1182
8495,1.3516645482916365,0,INFO,0.0,0,0,0,0,1183
8494,1.3516645482916365,0,INFO,0.0,0,0,0,0,1184
8493,1.3516645482916365,0,INFO,0.0,0,0,0,0,1185
8492,1.3516645482916365,0,INFO,0.0,0,0,0,0,1186
8491,1.3516645482916365,0,INFO,0.0,0,0,0,0,1187
8490,1.3371046132086803,0,INFO,0.0,0,0,0,0,1188
7585,1.6190814212551536,0,INFO,0.0,0,0,0,0,1189
7584,1.6190814212551536,0,INFO,0.0,0,0,0,0,1190
7583,1.6190814212551536,0,INFO,0.0,0,0,0,0,1191
7582,1.6190814212551536,0,INFO,0.0,0,0,0,0,1192
9922,1.1135450820548853,0,INFO,0.0,0,0,0,0,1193
9923,1.4128175900625688,0,INFO,0.0,0,0,0,0,1194
9924,1.4128175900625688,0,INFO,0.0,0,0,0,0,1195
10501,1.2737895762752587,0,INFO,0.0,0,0,0,0,1196
12016,2.0033386059300646,0,INFO,0.0,0,0,0,0,1197
12015,2.302611113937748,0,INFO,0.0,0,0,0,0,1198
12014,2.0033386059300646,0,INFO,0.0,0,0,0,0,1199
12013,1.7040660979223814,0,INFO,0.0,0,0,0,0,1200
12012,1.7040660979223814,0,INFO,0.0,0,0,0,0,1201
12011,1.4047935899146982,0,INFO,0.0,0,0,0,0,1202
12010,1.105521081907015,0,INFO,0.0,0,0,0,0,1203
11738,1.1055210819070151,0,INFO,0.0,0,0,0,0,1204
10502,1.0908388049842586,0,INFO,0.0,0,0,0,0,1205
10500,1.2737895762752587,0,INFO,0.0,0,0,0,0,1206
9925,1.7120900980702516,0,INFO,0.0,0,0,0,0,1207
10499,1.0908388049842586,0,INFO,0.0,0,0,0,0,1208
10498,1.0908388049842586,0,INFO,0.0,0,0,0,0,1209
9932,1.1592333420714405,0,INFO,0.0,0,0,0,0,1210
9931,1.458505850079124,0,INFO,0.0,0,0,0,0,1211
9930,1.458505850079124,0,INFO,0.0,0,0,0,0,1212
9929,1.7577783580868072,0,INFO,0.0,0,0,0,0,1213
9928,1.7577783580868072,0,INFO,0.0,0,0,0,0,1214
9927,1.7577783580868072,0,INFO,0.0,0,0,0,0,1215
9926,1.7120900980702516,0,INFO,0.0,0,0,0,0,1216
7581,1.6190814212551536,0,INFO,0.0,0,0,0,0,1217
4308,1.281907722194479,0,INFO,0.0,0,0,0,0,1218
3536,1.5653133336235692,0,INFO,0.0,0,0,0,0,1219
4307,1.281907722194479,0,INFO,0.0,0,0,0,0,1220
3659,1.0278843450940673,0,INFO,0.0,0,0,0,0,1221
3653,1.0278843450940673,0,INFO,0.0,0,0,0,0,1222
3652,1.0278843450940673,0,INFO,0.0,0,0,0,0,1223
3651,1.0278843450940673,0,INFO,0.0,0,0,0,0,1224
3616,1.0278843450940673,0,INFO,0.0,0,0,0,0,1225
3615,1.2965988393588181,0,INFO,0.0,0,0,0,0,1226
3614,1.2965988393588181,0,INFO,0.0,0,0,0,0,1227
3613,1.2965988393588181,0,INFO,0.0,0,0,0,0,1228
3612,1.2965988393588181,0,INFO,0.0,0,0,0,0,1229
3611,1.2965988393588181,0,INFO,0.0,0,0,0,0,1230
3610,1.0278843450940673,0,INFO,0.0,0,0,0,0,1231
3609,1.0278843450940673,0,INFO,0.0,0,0,0,0,1232
3608,1.0278843450940673,0,INFO,0.0,0,0,0,0,1233
3544,1.0278843450940673,0,INFO,0.0,0,0,0,0,1234
3543,1.0278843450940673,0,INFO,0.0,0,0,0,0,1235
3542,1.2965988393588181,0,INFO,0.0,0,0,0,0,1236
3541,1.5653133336235692,0,INFO,0.0,0,0,0,0,1237
3540,1.5653133336235692,0,INFO,0.0,0,0,0,0,1238
3539,1.8340278278883198,0,INFO,0.0,0,0,0,0,1239
3538,2.102742322153071,0,INFO,0.0,0,0,0,0,1240
3537,1.8340278278883198,0,INFO,0.0,0,0,0,0,1241
3660,1.0278843450940673,0,INFO,0.0,0,0,0,0,1242
4121,1.4188238202007495,0,INFO,0.0,0,0,0,0,1243
4122,1.281907722194479,0,INFO,0.0,0,0,0,0,1244
4297,1.9338670091981485,0,INFO,0.0,0,0,0,0,1245
4306,1.281907722194479,0,INFO,0.0,0,0,0,0,1246
4305,1.281907722194479,0,INFO,0.0,0,0,0,0,1247
4304,1.9338670091981485,0,INFO,0.0,0,0,0,0,1248
4303,2.5858262962018186,0,INFO,0.0,0,0,0,0,1249
4302,2.5858262962018186,0,INFO,0.0,0,0,0,0,1250
4301,2.5858262962018186,0,INFO,0.0,0,0,0,0,1251
4300,3.237785583205488,0,INFO,0.0,0,0,0,0,1252
4299,2.5858262962018186,0,INFO,0.0,0,0,0,0,1253
4298,1.9338670091981485,0,INFO,0.0,0,0,0,0,1254
4296,1.9338670091981485,0,INFO,0.0,0,0,0,0,1255
4123,1.281907722194479,0,INFO,0.0,0,0,0,0,1256
4295,1.9338670091981485,0,INFO,0.0,0,0,0,0,1257
4294,1.4270491397781464,0,INFO,0.0,0,0,0,0,1258
4293,1.4270491397781464,0,INFO,0.0,0,0,0,0,1259
4292,1.4270491397781464,0,INFO,0.0,0,0,0,0,1260
4162,1.281907722194479,0,INFO,0.0,0,0,0,0,1261
4145,1.418283047863767,0,INFO,0.0,0,0,0,0,1262
4144,1.418283047863767,0,INFO,0.0,0,0,0,0,1263
4125,1.281907722194479,0,INFO,0.0,0,0,0,0,1264
4124,1.281907722194479,0,INFO,0.0,0,0,0,0,1265
21637,1.458505850079124,0,INFO,0.0,0,0,0,0,1266
21638,1.7577783580868072,0,INFO,0.0,0,0,0,0,1267
21639,2.05705086609449,0,INFO,0.0,0,0,0,0,1268
31169,1.1666076909800132,0,INFO,0.0,0,0,0,0,1269
31167,1.7040366795095154,0,INFO,0.0,0,0,0,0,1270
31166,1.9727511737742658,0,INFO,0.0,0,0,0,0,1271
31165,2.241465668039017,0,INFO,0.0,0,0,0,0,1272
31164,2.2847960508319516,0,INFO,0.0,0,0,0,0,1273
31163,2.2847960508319516,0,INFO,0.0,0,0,0,0,1274
31162,2.2847960508319516,0,INFO,0.0,0,0,0,0,1275
31161,2.553510545096703,0,INFO,0.0,0,0,0,0,1276
31160,2.553510545096703,0,INFO,0.0,0,0,0,0,1277
31159,2.553510545096703,0,INFO,0.0,0,0,0,0,1278
31158,2.2847960508319516,0,INFO,0.0,0,0,0,0,1279
31157,2.016081556567201,0,INFO,0.0,0,0,0,0,1280
31156,1.74736706230245,0,INFO,0.0,0,0,0,0,1281
31155,1.4786525680376992,0,INFO,0.0,0,0,0,0,1282
31154,1.2099380737729482,0,INFO,0.0,0,0,0,0,1283
29157,1.0278843450940673,0,INFO,0.0,0,0,0,0,1284
29156,1.0278843450940673,0,INFO,0.0,0,0,0,0,1285
28026,1.1592333420714405,0,INFO,0.0,0,0,0,0,1286
28025,1.1592333420714405,0,INFO,0.0,0,0,0,0,1287
28024,1.1592333420714405,0,INFO,0.0,0,0,0,0,1288
28023,1.1592333420714405,0,INFO,0.0,0,0,0,0,1289
28022,1.4128175900625688,0,INFO,0.0,0,0,0,0,1290
31168,1.4353221852447637,0,INFO,0.0,0,0,0,0,1291
31355,1.1135450820548853,0,INFO,0.0,0,0,0,0,1292
27904,1.1592333420714405,0,INFO,0.0,0,0,0,0,1293
31356,1.1135450820548853,0,INFO,0.0,0,0,0,0,1294
33949,1.474084137244317,0,INFO,0.0,0,0,0,0,1295
33948,1.474084137244317,0,INFO,0.0,0,0,0,0,1296
33947,1.474084137244317,0,INFO,0.0,0,0,0,0,1297
33930,1.1235614869676287,0,INFO,0.0,0,0,0,0,1298
33929,1.1235614869676287,0,INFO,0.0,0,0,0,0,1299
33928,1.1235614869676287,0,INFO,0.0,0,0,0,0,1300
33524,3.0226458546273034,0,INFO,0.0,0,0,0,0,1301
33523,3.0226458546273034,0,INFO,0.0,0,0,0,0,1302
33522,3.0226458546273034,0,INFO,0.0,0,0,0,0,1303
33521,3.0226458546273034,0,INFO,0.0,0,0,0,0,1304
33520,3.0226458546273034,0,INFO,0.0,0,0,0,0,1305
33519,3.0226458546273034,0,INFO,0.0,0,0,0,0,1306
33518,3.0226458546273034,0,INFO,0.0,0,0,0,0,1307
33517,3.0226458546273034,0,INFO,0.0,0,0,0,0,1308
33516,3.0226458546273034,0,INFO,0.0,0,0,0,0,1309
33515,3.0226458546273034,0,INFO,0.0,0,0,0,0,1310
31361,1.1135450820548853,0,INFO,0.0,0,0,0,0,1311
31360,1.1135450820548853,0,INFO,0.0,0,0,0,0,1312
31359,1.1135450820548853,0,INFO,0.0,0,0,0,0,1313
31358,1.1135450820548853,0,INFO,0.0,0,0,0,0,1314
31357,1.1135450820548853,0,INFO,0.0,0,0,0,0,1315
28021,1.4128175900625688,0,INFO,0.0,0,0,0,0,1316
28020,1.1135450820548853,0,INFO,0.0,0,0,0,0,1317
27962,1.0278843450940673,0,INFO,0.0,0,0,0,0,1318
27961,1.0278843450940673,0,INFO,0.0,0,0,0,0,1319
27926,2.05705086609449,0,INFO,0.0,0,0,0,0,1320
27925,2.05705086609449,0,INFO,0.0,0,0,0,0,1321
27924,2.3563233741021734,0,INFO,0.0,0,0,0,0,1322
27923,2.6555958821098566,0,INFO,0.0,0,0,0,0,1323
27922,2.6555958821098566,0,INFO,0.0,0,0,0,0,1324
27921,2.6555958821098566,0,INFO,0.0,0,0,0,0,1325
27920,2.3563233741021734,0,INFO,0.0,0,0,0,0,1326
27919,2.3563233741021734,0,INFO,0.0,0,0,0,0,1327
27918,2.05705086609449,0,INFO,0.0,0,0,0,0,1328
27917,2.05705086609449,0,INFO,0.0,0,0,0,0,1329
27916,2.05705086609449,0,INFO,0.0,0,0,0,0,1330
27915,2.05705086609449,0,INFO,0.0,0,0,0,0,1331
27914,2.05705086609449,0,INFO,0.0,0,0,0,0,1332
27913,1.7577783580868072,0,INFO,0.0,0,0,0,0,1333
27912,1.7577783580868072,0,INFO,0.0,0,0,0,0,1334
27911,1.458505850079124,0,INFO,0.0,0,0,0,0,1335
27910,1.7577783580868072,0,INFO,0.0,0,0,0,0,1336
27909,1.7577783580868072,0,INFO,0.0,0,0,0,0,1337
27908,2.05705086609449,0,INFO,0.0,0,0,0,0,1338
27907,1.7577783580868072,0,INFO,0.0,0,0,0,0,1339
27906,1.7577783580868072,0,INFO,0.0,0,0,0,0,1340
27927,1.7577783580868072,0,INFO,0.0,0,0,0,0,1341
27928,1.7577783580868072,0,INFO,0.0,0,0,0,0,1342
27929,1.7577783580868072,0,INFO,0.0,0,0,0,0,1343
27941,2.3563233741021734,0,INFO,0.0,0,0,0,0,1344
27960,1.0278843450940673,0,INFO,0.0,0,0,0,0,1345
27949,1.1592333420714405,0,INFO,0.0,0,0,0,0,1346
27948,1.1592333420714405,0,INFO,0.0,0,0,0,0,1347
27947,1.458505850079124,0,INFO,0.0,0,0,0,0,1348
27946,1.7577783580868072,0,INFO,0.0,0,0,0,0,1349
27945,2.05705086609449,0,INFO,0.0,0,0,0,0,1350
27944,2.3563233741021734,0,INFO,0.0,0,0,0,0,1351
27943,2.6555958821098566,0,INFO,0.0,0,0,0,0,1352
27942,2.3563233741021734,0,INFO,0.0,0,0,0,0,1353
27940,2.05705086609449,0,INFO,0.0,0,0,0,0,1354
27930,1.7577783580868072,0,INFO,0.0,0,0,0,0,1355
27939,2.05705086609449,0,INFO,0.0,0,0,0,0,1356
27938,2.3563233741021734,0,INFO,0.0,0,0,0,0,1357
27937,2.3563233741021734,0,INFO,0.0,0,0,0,0,1358
27936,2.05705086609449,0,INFO,0.0,0,0,0,0,1359
27935,2.05705086609449,0,INFO,0.0,0,0,0,0,1360
27934,1.7577783580868072,0,INFO,0.0,0,0,0,0,1361
27933,1.458505850079124,0,INFO,0.0,0,0,0,0,1362
27932,1.458505850079124,0,INFO,0.0,0,0,0,0,1363
27931,1.458505850079124,0,INFO,0.0,0,0,0,0,1364
33950,1.474084137244317,0,INFO,0.0,0,0,0,0,1365
33951,1.474084137244317,0,INFO,0.0,0,0,0,0,1366
33952,1.474084137244317,0,INFO,0.0,0,0,0,0,1367
35930,1.8340278278883198,0,INFO,0.0,0,0,0,0,1368
36320,1.1666076909800132,0,INFO,0.0,0,0,0,0,1369
36319,1.166607690980013,0,INFO,0.0,0,0,0,0,1370
36318,1.166607690980013,0,INFO,0.0,0,0,0,0,1371
36317,1.3919918024518292,0,INFO,0.0,0,0,0,0,1372
36316,1.6607062967165798,0,INFO,0.0,0,0,0,0,1373
36315,1.704036679509515,0,INFO,0.0,0,0,0,0,1374
36314,1.4353221852447637,0,INFO,0.0,0,0,0,0,1375
36313,1.4353221852447637,0,INFO,0.0,0,0,0,0,1376
36312,1.4353221852447637,0,INFO,0.0,0,0,0,0,1377
36311,1.1666076909800132,0,INFO,0.0,0,0,0,0,1378
36297,1.171124388181154,0,INFO,0.0,0,0,0,0,1379
36296,1.171124388181154,0,INFO,0.0,0,0,0,0,1380
36295,1.171124388181154,0,INFO,0.0,0,0,0,0,1381
36294,1.171124388181154,0,INFO,0.0,0,0,0,0,1382
36292,1.171124388181154,0,INFO,0.0,0,0,0,0,1383
36291,1.171124388181154,0,INFO,0.0,0,0,0,0,1384
36290,1.171124388181154,0,INFO,0.0,0,0,0,0,1385
36223,1.281907722194479,0,INFO,0.0,0,0,0,0,1386
36222,1.281907722194479,0,INFO,0.0,0,0,0,0,1387
35933,1.0278843450940673,0,INFO,0.0,0,0,0,0,1388
35932,1.2965988393588181,0,INFO,0.0,0,0,0,0,1389
36321,1.1666076909800132,0,INFO,0.0,0,0,0,0,1390
36323,1.1592333420714405,0,INFO,0.0,0,0,0,0,1391
36324,1.1592333420714405,0,INFO,0.0,0,0,0,0,1392
36399,1.7040366795095154,0,INFO,0.0,0,0,0,0,1393
36408,1.3699320988100678,0,INFO,0.0,0,0,0,0,1394
36407,1.5953162102818836,0,INFO,0.0,0,0,0,0,1395
36406,1.5953162102818839,0,INFO,0.0,0,0,0,0,1396
36405,1.8207003217536997,0,INFO,0.0,0,0,0,0,1397
36404,2.0894148160184502,0,INFO,0.0,0,0,0,0,1398
36403,2.0894148160184502,0,INFO,0.0,0,0,0,0,1399
36402,2.0894148160184502,0,INFO,0.0,0,0,0,0,1400
36401,2.132745198811386,0,INFO,0.0,0,0,0,0,1401
36400,1.9294207909813312,0,INFO,0.0,0,0,0,0,1402
36398,1.6607062967165798,0,INFO,0.0,0,0,0,0,1403
36325,1.1592333420714405,0,INFO,0.0,0,0,0,0,1404
36397,1.4353221852447637,0,INFO,0.0,0,0,0,0,1405
36396,1.1666076909800132,0,INFO,0.0,0,0,0,0,1406
36392,1.1666076909800132,0,INFO,0.0,0,0,0,0,1407
36391,1.1666076909800132,0,INFO,0.0,0,0,0,0,1408
36390,1.1666076909800132,0,INFO,0.0,0,0,0,0,1409
36389,1.1666076909800132,0,INFO,0.0,0,0,0,0,1410
36329,1.1592333420714405,0,INFO,0.0,0,0,0,0,1411
36328,1.1592333420714405,0,INFO,0.0,0,0,0,0,1412
36327,1.1592333420714405,0,INFO,0.0,0,0,0,0,1413
35931,1.5653133336235692,0,INFO,0.0,0,0,0,0,1414
35929,1.8340278278883198,0,INFO,0.0,0,0,0,0,1415
33953,1.474084137244317,0,INFO,0.0,0,0,0,0,1416
35928,1.5653133336235692,0,INFO,0.0,0,0,0,0,1417
35856,1.2965988393588181,0,INFO,0.0,0,0,0,0,1418
35855,1.5653133336235692,0,INFO,0.0,0,0,0,0,1419
35854,1.5653133336235692,0,INFO,0.0,0,0,0,0,1420
35853,1.2965988393588181,0,INFO,0.0,0,0,0,0,1421
35852,1.2965988393588181,0,INFO,0.0,0,0,0,0,1422
35851,1.2965988393588181,0,INFO,0.0,0,0,0,0,1423
35850,1.0278843450940673,0,INFO,0.0,0,0,0,0,1424
35849,1.0278843450940673,0,INFO,0.0,0,0,0,0,1425
34153,1.281907722194479,0,INFO,0.0,0,0,0,0,1426
34152,1.9338670091981485,0,INFO,0.0,0,0,0,0,1427
34151,1.9338670091981485,0,INFO,0.0,0,0,0,0,1428
34150,1.9338670091981485,0,INFO,0.0,0,0,0,0,1429
34149,1.9338670091981485,0,INFO,0.0,0,0,0,0,1430
34148,1.9338670091981485,0,INFO,0.0,0,0,0,0,1431
34147,1.9338670091981485,0,INFO,0.0,0,0,0,0,1432
34146,1.9338670091981485,0,INFO,0.0,0,0,0,0,1433
34145,1.281907722194479,0,INFO,0.0,0,0,0,0,1434
34144,1.281907722194479,0,INFO,0.0,0,0,0,0,1435
34050,1.2245346320181247,0,INFO,0.0,0,0,0,0,1436
33955,1.3592833850264106,0,INFO,0.0,0,0,0,0,1437
33954,1.3592833850264106,0,INFO,0.0,0,0,0,0,1438
35857,1.2965988393588181,0,INFO,0.0,0,0,0,0,1439
35858,1.2965988393588181,0,INFO,0.0,0,0,0,0,1440
35859,1.0278843450940673,0,INFO,0.0,0,0,0,0,1441
35875,1.0278843450940673,0,INFO,0.0,0,0,0,0,1442
35927,1.5653133336235692,0,INFO,0.0,0,0,0,0,1443
35926,1.5653133336235692,0,INFO,0.0,0,0,0,0,1444
35925,1.2965988393588181,0,INFO,0.0,0,0,0,0,1445
35924,1.2965988393588181,0,INFO,0.0,0,0,0,0,1446
35923,1.0278843450940673,0,INFO,0.0,0,0,0,0,1447
35879,1.0278843450940673,0,INFO,0.0,0,0,0,0,1448
35878,1.0278843450940673,0,INFO,0.0,0,0,0,0,1449
35877,1.2965988393588181,0,INFO,0.0,0,0,0,0,1450
35876,1.0278843450940673,0,INFO,0.0,0,0,0,0,1451
35874,1.0278843450940673,0,INFO,0.0,0,0,0,0,1452
35860,1.0278843450940673,0,INFO,0.0,0,0,0,0,1453
35873,1.2965988393588181,0,INFO,0.0,0,0,0,0,1454
35872,1.5653133336235692,0,INFO,0.0,0,0,0,0,1455
35871,1.5653133336235692,0,INFO,0.0,0,0,0,0,1456
35870,1.2965988393588181,0,INFO,0.0,0,0,0,0,1457
35869,1.0278843450940673,0,INFO,0.0,0,0,0,0,1458
35868,1.0278843450940673,0,INFO,0.0,0,0,0,0,1459
35867,1.0278843450940673,0,INFO,0.0,0,0,0,0,1460
35866,1.0278843450940673,0,INFO,0.0,0,0,0,0,1461
35865,1.0278843450940673,0,INFO,0.0,0,0,0,0,1462
27905,1.458505850079124,0,INFO,0.0,0,0,0,0,1463
27903,1.1592333420714405,0,INFO,0.0,0,0,0,0,1464
21640,2.05705086609449,0,INFO,0.0,0,0,0,0,1465
21969,1.458505850079124,0,INFO,0.0,0,0,0,0,1466
21967,1.7577783580868072,0,INFO,0.0,0,0,0,0,1467
21966,1.7577783580868072,0,INFO,0.0,0,0,0,0,1468
21965,1.7577783580868072,0,INFO,0.0,0,0,0,0,1469
21964,1.7577783580868072,0,INFO,0.0,0,0,0,0,1470
21963,1.458505850079124,0,INFO,0.0,0,0,0,0,1471
21962,1.1592333420714405,0,INFO,0.0,0,0,0,0,1472
21934,1.2099380737729482,0,INFO,0.0,0,0,0,0,1473
21933,1.2099380737729482,0,INFO,0.0,0,0,0,0,1474
21932,1.2099380737729482,0,INFO,0.0,0,0,0,0,1475
21931,1.2099380737729482,0,INFO,0.0,0,0,0,0,1476
21908,1.1666076909800132,0,INFO,0.0,0,0,0,0,1477
21907,1.1666076909800132,0,INFO,0.0,0,0,0,0,1478
21906,1.1666076909800132,0,INFO,0.0,0,0,0,0,1479
21884,1.1666076909800132,0,INFO,0.0,0,0,0,0,1480
21883,1.4353221852447637,0,INFO,0.0,0,0,0,0,1481
21882,1.6607062967165802,0,INFO,0.0,0,0,0,0,1482
21881,1.9294207909813308,0,INFO,0.0,0,0,0,0,1483
21880,2.154804902453147,0,INFO,0.0,0,0,0,0,1484
21879,2.154804902453147,0,INFO,0.0,0,0,0,0,1485
21878,1.9294207909813308,0,INFO,0.0,0,0,0,0,1486
21877,1.704036679509515,0,INFO,0.0,0,0,0,0,1487
21968,1.458505850079124,0,INFO,0.0,0,0,0,0,1488
21970,1.1592333420714405,0,INFO,0.0,0,0,0,0,1489
27902,1.1592333420714405,0,INFO,0.0,0,0,0,0,1490
22031,1.1666076909800132,0,INFO,0.0,0,0,0,0,1491
22290,1.7120900980702516,0,INFO,0.0,0,0,0,0,1492
22289,1.7120900980702516,0,INFO,0.0,0,0,0,0,1493
22288,1.7120900980702516,0,INFO,0.0,0,0,0,0,1494
22287,1.458505850079124,0,INFO,0.0,0,0,0,0,1495
22286,1.458505850079124,0,INFO,0.0,0,0,0,0,1496
22285,1.458505850079124,0,INFO,0.0,0,0,0,0,1497
22284,1.1592333420714405,0,INFO,0.0,0,0,0,0,1498
22245,1.1132713338090605,0,INFO,0.0,0,0,0,0,1499
22074,1.1592333420714405,0,INFO,0.0,0,0,0,0,1500
22073,1.458505850079124,0,INFO,0.0,0,0,0,0,1501
22072,1.458505850079124,0,INFO,0.0,0,0,0,0,1502
22071,1.458505850079124,0,INFO,0.0,0,0,0,0,1503
22070,1.458505850079124,0,INFO,0.0,0,0,0,0,1504
22069,1.458505850079124,0,INFO,0.0,0,0,0,0,1505
22068,1.1592333420714405,0,INFO,0.0,0,0,0,0,1506
22040,1.1592333420714405,0,INFO,0.0,0,0,0,0,1507
22039,1.1592333420714405,0,INFO,0.0,0,0,0,0,1508
22038,1.1592333420714405,0,INFO,0.0,0,0,0,0,1509
22036,1.1666076909800132,0,INFO,0.0,0,0,0,0,1510
22035,1.1666076909800132,0,INFO,0.0,0,0,0,0,1511
22034,1.2099380737729482,0,INFO,0.0,0,0,0,0,1512
21876,1.4353221852447637,0,INFO,0.0,0,0,0,0,1513
21875,1.1666076909800132,0,INFO,0.0,0,0,0,0,1514
21874,1.1666076909800132,0,INFO,0.0,0,0,0,0,1515
21751,1.1592333420714405,0,INFO,0.0,0,0,0,0,1516
21721,1.4047935899146982,0,INFO,0.0,0,0,0,0,1517
21720,1.4047935899146982,0,INFO,0.0,0,0,0,0,1518
21719,1.1592333420714405,0,INFO,0.0,0,0,0,0,1519
21658,1.1592333420714405,0,INFO,0.0,0,0,0,0,1520
21657,1.1592333420714405,0,INFO,0.0,0,0,0,0,1521
21656,1.1592333420714405,0,INFO,0.0,0,0,0,0,1522
21655,1.1592333420714405,0,INFO,0.0,0,0,0,0,1523
21654,1.458505850079124,0,INFO,0.0,0,0,0,0,1524
21653,1.458505850079124,0,INFO,0.0,0,0,0,0,1525
21652,1.7577783580868072,0,INFO,0.0,0,0,0,0,1526
21651,2.05705086609449,0,INFO,0.0,0,0,0,0,1527
21650,2.068144136867277,0,INFO,0.0,0,0,0,0,1528
21649,2.068144136867277,0,INFO,0.0,0,0,0,0,1529
21648,2.068144136867277,0,INFO,0.0,0,0,0,0,1530
21647,2.0681441368672764,0,INFO,0.0,0,0,0,0,1531
21646,1.8427600253954608,0,INFO,0.0,0,0,0,0,1532
21645,1.8427600253954608,0,INFO,0.0,0,0,0,0,1533
21644,1.8427600253954608,0,INFO,0.0,0,0,0,0,1534
21643,2.05705086609449,0,INFO,0.0,0,0,0,0,1535
21642,2.05705086609449,0,INFO,0.0,0,0,0,0,1536
21641,2.05705086609449,0,INFO,0.0,0,0,0,0,1537
21722,1.7040660979223814,0,INFO,0.0,0,0,0,0,1538
21723,1.5769248544097145,0,INFO,0.0,0,0,0,0,1539
21724,1.8456393486744653,0,INFO,0.0,0,0,0,0,1540
21736,1.1592333420714405,0,INFO,0.0,0,0,0,0,1541
21750,1.1592333420714405,0,INFO,0.0,0,0,0,0,1542
21749,1.1592333420714405,0,INFO,0.0,0,0,0,0,1543
21748,1.1592333420714405,0,INFO,0.0,0,0,0,0,1544
21747,1.1592333420714405,0,INFO,0.0,0,0,0,0,1545
21746,1.458505850079124,0,INFO,0.0,0,0,0,0,1546
21745,1.458505850079124,0,INFO,0.0,0,0,0,0,1547
21744,1.458505850079124,0,INFO,0.0,0,0,0,0,1548
21743,1.1592333420714405,0,INFO,0.0,0,0,0,0,1549
21737,1.1592333420714405,0,INFO,0.0,0,0,0,0,1550
21735,1.1666076909800132,0,INFO,0.0,0,0,0,0,1551
21725,2.071023460146281,0,INFO,0.0,0,0,0,0,1552
21734,1.3919918024518292,0,INFO,0.0,0,0,0,0,1553
21733,1.6607062967165798,0,INFO,0.0,0,0,0,0,1554
21732,1.9294207909813308,0,INFO,0.0,0,0,0,0,1555
21731,2.154804902453147,0,INFO,0.0,0,0,0,0,1556
21730,2.154804902453147,0,INFO,0.0,0,0,0,0,1557
21729,2.114353842939216,0,INFO,0.0,0,0,0,0,1558
21728,2.071023460146282,0,INFO,0.0,0,0,0,0,1559
21727,2.071023460146281,0,INFO,0.0,0,0,0,0,1560
21726,2.114353842939216,0,INFO,0.0,0,0,0,0,1561
22291,1.4128175900625688,0,INFO,0.0,0,0,0,0,1562
22292,1.4128175900625688,0,INFO,0.0,0,0,0,0,1563
22372,1.1592333420714405,0,INFO,0.0,0,0,0,0,1564
26178,1.2003793621618843,0,INFO,0.0,0,0,0,0,1565
27863,2.3563233741021734,0,INFO,0.0,0,0,0,0,1566
27862,2.3563233741021734,0,INFO,0.0,0,0,0,0,1567
27861,2.3563233741021734,0,INFO,0.0,0,0,0,0,1568
27860,2.3563233741021734,0,INFO,0.0,0,0,0,0,1569
27859,2.05705086609449,0,INFO,0.0,0,0,0,0,1570
27858,2.05705086609449,0,INFO,0.0,0,0,0,0,1571
27857,1.7577783580868072,0,INFO,0.0,0,0,0,0,1572
27856,1.458505850079124,0,INFO,0.0,0,0,0,0,1573
27855,1.1592333420714405,0,INFO,0.0,0,0,0,0,1574
26308,1.1592333420714405,0,INFO,0.0,0,0,0,0,1575
26307,1.1592333420714405,0,INFO,0.0,0,0,0,0,1576
26306,1.1592333420714405,0,INFO,0.0,0,0,0,0,1577
26305,1.1592333420714405,0,INFO,0.0,0,0,0,0,1578
26304,1.1592333420714405,0,INFO,0.0,0,0,0,0,1579
26186,1.2003793621618843,0,INFO,0.0,0,0,0,0,1580
26185,1.2003793621618843,0,INFO,0.0,0,0,0,0,1581
26184,1.2003793621618843,0,INFO,0.0,0,0,0,0,1582
26183,1.2003793621618843,0,INFO,0.0,0,0,0,0,1583
26182,1.2003793621618843,0,INFO,0.0,0,0,0,0,1584
26181,1.2003793621618843,0,INFO,0.0,0,0,0,0,1585
26180,1.2003793621618843,0,INFO,0.0,0,0,0,0,1586
27864,2.05705086609449,0,INFO,0.0,0,0,0,0,1587
27865,2.05705086609449,0,INFO,0.0,0,0,0,0,1588
27866,1.7577783580868072,0,INFO,0.0,0,0,0,0,1589
27892,2.6555958821098566,0,INFO,0.0,0,0,0,0,1590
27901,1.458505850079124,0,INFO,0.0,0,0,0,0,1591
27900,1.458505850079124,0,INFO,0.0,0,0,0,0,1592
27899,1.458505850079124,0,INFO,0.0,0,0,0,0,1593
27898,1.458505850079124,0,INFO,0.0,0,0,0,0,1594
27897,1.7577783580868072,0,INFO,0.0,0,0,0,0,1595
27896,1.7577783580868072,0,INFO,0.0,0,0,0,0,1596
27895,2.05705086609449,0,INFO,0.0,0,0,0,0,1597
27894,2.05705086609449,0,INFO,0.0,0,0,0,0,1598
27893,2.3563233741021734,0,INFO,0.0,0,0,0,0,1599
27891,2.6555958821098566,0,INFO,0.0,0,0,0,0,1600
27867,1.458505850079124,0,INFO,0.0,0,0,0,0,1601
27890,2.6555958821098566,0,INFO,0.0,0,0,0,0,1602
27889,2.3563233741021734,0,INFO,0.0,0,0,0,0,1603
27888,2.05705086609449,0,INFO,0.0,0,0,0,0,1604
27887,1.7577783580868072,0,INFO,0.0,0,0,0,0,1605
27886,1.458505850079124,0,INFO,0.0,0,0,0,0,1606
27885,1.1592333420714405,0,INFO,0.0,0,0,0,0,1607
27884,1.1592333420714405,0,INFO,0.0,0,0,0,0,1608
27869,1.1592333420714405,0,INFO,0.0,0,0,0,0,1609
27868,1.1592333420714405,0,INFO,0.0,0,0,0,0,1610
26179,1.2003793621618843,0,INFO,0.0,0,0,0,0,1611
26177,1.2003793621618843,0,INFO,0.0,0,0,0,0,1612
22373,1.1592333420714405,0,INFO,0.0,0,0,0,0,1613
26015,1.1592333420714405,0,INFO,0.0,0,0,0,0,1614
25990,1.7577783580868072,0,INFO,0.0,0,0,0,0,1615
25989,1.7577783580868072,0,INFO,0.0,0,0,0,0,1616
25988,1.458505850079124,0,INFO,0.0,0,0,0,0,1617
25987,1.1592333420714405,0,INFO,0.0,0,0,0,0,1618
24988,1.0278843450940673,0,INFO,0.0,0,0,0,0,1619
24987,1.0278843450940673,0,INFO,0.0,0,0,0,0,1620
24986,1.0278843450940673,0,INFO,0.0,0,0,0,0,1621
24985,1.2965988393588181,0,INFO,0.0,0,0,0,0,1622
24984,1.2965988393588181,0,INFO,0.0,0,0,0,0,1623
24983,1.0278843450940673,0,INFO,0.0,0,0,0,0,1624
24981,1.0278843450940673,0,INFO,0.0,0,0,0,0,1625
24980,1.0278843450940673,0,INFO,0.0,0,0,0,0,1626
24979,1.0278843450940673,0,INFO,0.0,0,0,0,0,1627
22742,1.1592333420714405,0,INFO,0.0,0,0,0,0,1628
22741,1.1592333420714405,0,INFO,0.0,0,0,0,0,1629
22740,1.1592333420714405,0,INFO,0.0,0,0,0,0,1630
22739,1.1592333420714405,0,INFO,0.0,0,0,0,0,1631
22735,1.1666076909800132,0,INFO,0.0,0,0,0,0,1632
22376,1.1592333420714405,0,INFO,0.0,0,0,0,0,1633
22375,1.1592333420714405,0,INFO,0.0,0,0,0,0,1634
22374,1.1592333420714405,0,INFO,0.0,0,0,0,0,1635
25991,2.05705086609449,0,INFO,0.0,0,0,0,0,1636
25992,2.05705086609449,0,INFO,0.0,0,0,0,0,1637
25993,2.05705086609449,0,INFO,0.0,0,0,0,0,1638
26005,2.302611113937748,0,INFO,0.0,0,0,0,0,1639
26014,1.458505850079124,0,INFO,0.0,0,0,0,0,1640
26013,1.458505850079124,0,INFO,0.0,0,0,0,0,1641
26012,1.7577783580868072,0,INFO,0.0,0,0,0,0,1642
26011,2.05705086609449,0,INFO,0.0,0,0,0,0,1643
26010,2.05705086609449,0,INFO,0.0,0,0,0,0,1644
26009,2.05705086609449,0,INFO,0.0,0,0,0,0,1645
26008,2.3563233741021734,0,INFO,0.0,0,0,0,0,1646
26007,2.302611113937748,0,INFO,0.0,0,0,0,0,1647
26006,2.302611113937748,0,INFO,0.0,0,0,0,0,1648
26004,2.0033386059300646,0,INFO,0.0,0,0,0,0,1649
25994,2.05705086609449,0,INFO,0.0,0,0,0,0,1650
26003,2.302611113937748,0,INFO,0.0,0,0,0,0,1651
26002,2.302611113937748,0,INFO,0.0,0,0,0,0,1652
26001,2.0033386059300646,0,INFO,0.0,0,0,0,0,1653
26000,2.302611113937748,0,INFO,0.0,0,0,0,0,1654
25999,2.0033386059300646,0,INFO,0.0,0,0,0,0,1655
25998,2.0033386059300646,0,INFO,0.0,0,0,0,0,1656
25997,2.05705086609449,0,INFO,0.0,0,0,0,0,1657
25996,2.05705086609449,0,INFO,0.0,0,0,0,0,1658
25995,2.05705086609449,0,INFO,0.0,0,0,0,0,1659
49429,1.2099380737729482,0,INFO,0.0,0,0,0,0,1660
