time_window,total_logs,error_count,warn_count,error_rate,warn_rate,unique_classes,unique_threads,avg_message_length,exception_count,exception_rate,unique_files,info_count,debug_count,top_class,top_class_count,top_class_hash,anomaly_score
2025-06-27 09:00:00,8173,0,0,0.32313715893796646,0.0,60,28,124.16114034014437,0,0.0,8,425,6676,i.l.c.p.CommandHandler,2077,599,-5.472877
2025-06-27 09:10:00,14775,0,0,0.24913705583756346,0.0,52,27,107.48744500846024,0,0.0,8,442,8894,o.h.t.d.s.BasicExtractor,4265,188,-5.806675
2025-06-27 09:20:00,41109,0,0,0.2526210805419738,0.0,36,27,107.31980831448101,0,0.0,8,866,23246,o.h.t.d.s.BasicExtractor,15134,188,-12.1938
2025-06-27 09:30:00,5189,0,0,0.29196376951243014,0.0,33,28,113.54461360570437,0,0.0,8,218,3937,i.l.c.p.CommandHandler,1241,599,-3.5657468
2025-06-27 09:40:00,11265,0,14,0.25920994229915667,0.0012427873945849977,80,33,107.73706169551708,4,0.0003550821127385708,9,229,7294,o.h.t.d.s.BasicExtractor,2565,188,-6.9570107
2025-06-27 09:50:00,9911,0,0,0.31227928564221574,0.0,34,31,120.93915851074564,0,0.0,8,532,6987,i.l.c.p.CommandHandler,2575,599,-5.3664217
2025-06-27 10:00:00,30566,0,6,0.23797683700844074,0.00019629653863770203,67,33,104.87518811751619,4,0.00013086435909180134,9,303,17543,o.h.t.d.s.BasicExtractor,11120,188,-9.86532
2025-06-27 10:10:00,79705,0,0,0.24132739476820778,0.0,21,26,104.68550279154381,0,0.0,8,571,44270,o.h.t.d.s.BasicExtractor,31916,188,-22.754179
2025-06-27 10:30:00,43799,0,0,0.22123792780657092,0.0,39,27,100.84787323911505,0,0.0,8,623,22486,o.h.t.d.s.BasicExtractor,18973,188,-11.620608
2025-06-27 10:40:00,8352,0,0,0.23467432950191572,0.0,27,30,102.96647509578544,0,0.0,8,324,4950,o.h.t.d.s.BasicExtractor,2025,188,-4.166396
2025-06-27 10:50:00,8397,0,6,0.2661664880314398,0.0007145409074669524,77,35,112.30903894247946,4,0.00047636060497796833,9,366,5465,i.l.c.p.CommandHandler,1802,599,-5.871732
2025-06-27 11:00:00,5961,2,0,0.19778560644187218,0.0,33,28,99.14779399429626,2,0.00033551417547391375,8,212,3258,o.h.t.d.s.BasicExtractor,1459,188,-3.8266904
2025-06-27 11:10:00,29565,0,0,0.21799424995772027,0.0,33,27,100.78606460341621,0,0.0,8,505,14821,o.h.t.d.s.BasicExtractor,12549,188,-8.086711
2025-06-27 11:20:00,12897,0,0,0.24850740482282702,0.0,22,28,106.26137861518183,0,0.0,8,320,7488,o.h.t.d.s.BasicExtractor,3884,188,-4.850121
2025-06-27 11:30:00,10340,0,0,0.31963249516441006,0.0,32,28,122.44893617021276,0,0.0,8,344,7449,i.l.c.p.CommandHandler,2713,599,-5.2221994
2025-06-27 11:40:00,3791,0,0,0.05011870218939594,0.0,19,18,69.14850962806648,0,0.0,8,52,1306,o.h.t.d.s.BasicExtractor,1459,188,-3.3329644
2025-06-27 11:50:00,4827,0,0,0.2517091361093847,0.0,39,27,108.15682618603688,0,0.0,8,200,3577,o.h.t.d.s.BasicBinder,962,752,-3.0043316
2025-06-27 13:30:00,7885,0,0,0.16093849080532657,0.0,44,27,90.4861128725428,0,0.0,8,206,3810,o.h.t.d.s.BasicExtractor,2825,188,-3.7615561
2025-06-27 13:40:00,3695,0,0,0.03247631935047361,0.0,19,27,66.23328822733424,0,0.0,8,193,1203,o.h.t.d.s.BasicExtractor,1329,188,-3.3949819
2025-06-27 13:50:00,43518,0,0,0.22990486695160622,0.0,36,29,103.1109655774622,0,0.0,8,503,23441,o.h.t.d.s.BasicExtractor,17625,188,-12.149711
2025-06-27 14:00:00,2942,0,0,0.0,0.0,14,25,58.098232494901424,0,0.0,8,80,921,o.h.t.d.s.BasicExtractor,976,188,-3.6036146
2025-06-27 14:20:00,11613,0,6,0.19237061913372944,0.0005166623611469904,62,34,96.8232153620942,4,0.0003444415740979936,9,177,6024,o.h.t.d.s.BasicExtractor,4262,188,-5.226466
2025-06-27 14:30:00,3527,0,0,0.0,0.0,14,25,63.851148284661186,0,0.0,8,209,918,o.h.t.d.s.BasicExtractor,1440,188,-3.5691514
2025-06-27 14:40:00,4006,0,0,0.07014478282576136,0.0,30,23,73.67324013979031,0,0.0,8,76,1510,o.h.t.d.s.BasicExtractor,1456,188,-3.3224113
2025-06-27 14:50:00,3943,0,0,0.0,0.0,24,26,63.68171443063657,0,0.0,8,98,986,o.h.t.d.s.BasicExtractor,1896,188,-3.3250566
2025-06-27 15:00:00,4383,0,0,0.0,0.0,14,25,64.42276979237965,0,0.0,8,77,924,o.h.t.d.s.BasicExtractor,2419,188,-3.4882996
2025-06-27 15:10:00,5270,0,0,0.0777988614800759,0.0,36,26,79.95787476280834,0,0.0,8,100,1818,o.h.t.d.s.BasicExtractor,2390,188,-3.3799744
2025-06-27 15:20:00,10801,0,0,0.2823812609943524,0.0,39,27,139.1649847236367,0,0.0,8,358,8278,i.l.c.p.CommandHandler,2523,599,-5.7657404
2025-06-27 15:40:00,8752,0,0,0.28393510054844606,0.0,45,26,118.077239488117,0,0.0,8,448,6269,i.l.c.p.CommandHandler,1992,599,-4.806895
2025-06-27 15:50:00,20344,0,7,0.31262288635469915,0.0003440817931576878,91,36,120.37495084545812,4,0.00019661816751867872,9,680,14308,i.l.c.p.CommandHandler,5188,599,-10.397821
2025-06-27 16:00:00,13799,0,0,0.36415682295818536,0.0,48,27,133.6223639394159,0,0.0,8,818,11332,i.l.c.p.CommandHandler,4016,599,-8.138477
2025-06-27 16:10:00,6491,3,0,0.24433831458943153,0.0,44,26,121.02403327684486,4,0.0006162378678169774,8,367,4653,i.l.c.p.CommandHandler,1313,599,-4.0227566
2025-06-27 16:30:00,15174,5,13,0.37432450243838145,0.0008567286147357322,89,37,132.23480954263871,9,0.0005931198102016608,9,624,12700,i.l.c.p.CommandHandler,4643,599,-9.774975
2025-06-27 16:40:00,25706,0,0,0.430833268497627,0.0,35,27,140.68567649575974,0,0.0,8,838,22603,i.l.c.p.CommandHandler,9029,599,-13.570044
2025-06-27 16:50:00,21160,0,0,0.4357750472589792,0.0,41,28,141.67211720226842,0,0.0,8,761,18783,i.l.c.p.CommandHandler,7545,599,-11.731661
2025-06-27 17:00:00,29382,0,9,0.4436729970730379,0.000306309985705534,83,34,144.28017153359198,5,0.00017017221428085221,9,1134,26773,i.l.c.p.CommandHandler,10628,599,-16.251955
2025-06-27 17:10:00,29505,0,0,0.44907642772411455,0.0,24,27,144.61399762752075,0,0.0,8,1033,27000,i.l.c.p.CommandHandler,10830,599,-15.965748
2025-06-27 17:20:00,67157,3,39,0.3225724794139107,0.0005807287401164436,106,35,122.90246735262147,7,0.00010423336361064371,9,1604,48183,i.l.c.p.CommandHandler,17680,599,-26.729607
2025-06-27 17:30:00,21981,0,0,0.44265502024475684,0.0,40,28,143.11073199581458,0,0.0,8,623,20206,i.l.c.p.CommandHandler,7914,599,-12.297498
2025-06-27 17:40:00,23322,0,0,0.4427150330160364,0.0,41,27,143.25100763227854,0,0.0,8,661,21383,i.l.c.p.CommandHandler,8422,599,-12.877705
2025-06-27 17:50:00,19230,0,0,0.35179407176287053,0.0,29,27,124.5956838273531,0,0.0,8,401,14553,i.l.c.p.CommandHandler,5503,599,-8.900621
2025-06-27 18:20:00,3397,4,6,0.12157786282013541,0.001766264350897851,82,34,81.79305269355314,8,0.0023550191345304682,9,233,2114,o.h.t.d.s.BasicBinder,1003,752,-5.62353
2025-06-27 18:30:00,9089,2,0,0.26064473539443284,0.0,35,27,119.95544064253494,2,0.00022004620970403785,8,859,7248,i.l.c.p.CommandHandler,1984,599,-6.4872856
2025-06-27 18:50:00,30369,4,6,0.3386018637426323,0.00019756989034871086,94,37,124.82528236030163,8,0.0002634265204649478,9,941,22587,i.l.c.p.CommandHandler,8317,599,-14.293643
2025-06-30 09:00:00,9770,0,0,0.345957011258956,0.0,47,29,129.03387922210848,0,0.0,8,525,8138,i.l.c.p.CommandHandler,2708,599,-6.009081
2025-06-30 09:10:00,21666,0,6,0.2526539278131635,0.00027693159789531985,81,32,107.4715222006831,4,0.00018462106526354657,9,315,13331,o.h.t.d.s.BasicExtractor,6592,188,-8.70385
2025-06-30 09:30:00,43512,0,0,0.294746276889134,0.0,40,28,116.92036679536679,0,0.0,8,764,28443,o.h.t.d.s.BasicExtractor,12380,188,-14.992471
2025-06-30 09:40:00,9297,0,0,0.16833387114122836,0.0,26,26,92.33881897386253,0,0.0,8,172,4368,o.h.t.d.s.BasicExtractor,3672,188,-3.4162784
2025-06-30 09:50:00,9214,0,0,0.094964184935967,0.0,22,26,79.82559149120902,0,0.0,8,203,2797,o.h.t.d.s.BasicExtractor,5166,188,-3.0398748
2025-06-30 10:00:00,13016,0,0,0.1667178856791641,0.0,33,27,105.75553165334972,0,0.0,8,554,6400,o.h.t.d.s.BasicExtractor,4946,188,-4.6048703
2025-06-30 10:10:00,88235,84,0,0.24447214824049412,0.0,41,27,105.41958406528022,12,0.00013600045333484446,8,826,49037,o.h.t.d.s.BasicExtractor,35403,188,-24.856104
2025-06-30 10:20:00,23683,14,0,0.33682388210953,0.0,66,29,126.16159270362708,2,8.444876071443651e-05,8,818,17050,i.l.c.p.CommandHandler,6461,599,-11.007535
2025-06-30 10:30:00,14884,0,0,0.3560870733673744,0.0,28,27,128.2368986831497,0,0.0,8,398,11349,i.l.c.p.CommandHandler,4311,599,-7.291103
2025-06-30 10:50:00,10103,0,0,0.2652677422547758,0.0,34,28,108.29535781451054,0,0.0,8,239,6605,i.l.c.p.CommandHandler,2184,599,-4.362454
2025-06-30 11:00:00,8188,0,0,0.325476306790425,0.0,41,29,123.51856375183195,0,0.0,8,515,6569,i.l.c.p.CommandHandler,2142,599,-5.191891
2025-06-30 11:10:00,6948,0,0,0.3267127230857801,0.0,34,28,119.1629245826137,0,0.0,8,271,5476,i.l.c.p.CommandHandler,1869,599,-4.261329
2025-06-30 11:20:00,12445,0,0,0.3973483326637204,0.0,40,29,135.5041382081157,0,0.0,8,473,10886,i.l.c.p.CommandHandler,4028,599,-7.424135
2025-06-30 13:00:00,6481,0,0,0.32093812683227896,0.0,38,28,119.61225119580311,0,0.0,8,305,5141,i.l.c.p.CommandHandler,1705,599,-4.1802335
2025-06-30 13:10:00,12894,0,0,0.21793082053668372,0.0,41,26,101.74833255777881,0,0.0,8,367,7419,o.h.t.d.s.BasicExtractor,3923,188,-4.7142286
2025-06-30 13:20:00,42473,0,0,0.2310879853083135,0.0,22,27,101.53740023073482,0,0.0,8,356,23407,o.h.t.d.s.BasicExtractor,16761,188,-12.44824
2025-06-30 13:30:00,14764,0,0,0.4124898401517204,0.0,41,28,137.84963424546194,0,0.0,8,560,12967,i.l.c.p.CommandHandler,4953,599,-8.472779
2025-06-30 13:40:00,14766,7,0,0.3289990518759312,0.0,32,27,124.89888934037654,1,6.772314777190844e-05,8,676,11221,i.l.c.p.CommandHandler,3690,599,-7.584779
2025-06-30 14:00:00,14323,0,0,0.4119248760734483,0.0,45,28,137.66271032604902,0,0.0,8,419,12740,i.l.c.p.CommandHandler,4770,599,-8.152719
2025-06-30 14:10:00,9935,0,0,0.377453447408153,0.0,28,27,130.8085556114746,0,0.0,8,511,8255,i.l.c.p.CommandHandler,3026,599,-6.2282414
2025-06-30 14:20:00,7868,0,0,0.3215556685307575,0.0,32,28,125.22013218098627,0,0.0,8,692,6133,i.l.c.p.CommandHandler,2059,599,-5.7018075
2025-06-30 14:30:00,5961,0,0,0.30531789968126155,0.0,36,28,118.1870491528267,0,0.0,8,221,4661,i.l.c.p.CommandHandler,1500,599,-3.8777761
2025-06-30 14:40:00,7714,0,0,0.18343271973036038,0.0,26,24,91.15089447757325,0,0.0,8,139,4119,o.h.t.d.s.BasicExtractor,2362,188,-3.49158
2025-06-30 14:50:00,12830,0,0,0.4053000779423227,0.0,31,29,135.31098986749805,0,0.0,8,488,11066,i.l.c.p.CommandHandler,4205,599,-7.5478396
2025-06-30 15:10:00,2392,0,0,0.0,0.0,13,24,65.52508361204013,0,0.0,8,490,920,o.h.t.d.s.BasicBinder,963,752,-3.6724062
2025-06-30 15:20:00,2551,0,0,0.0,0.0,24,30,67.23049784398275,0,0.0,8,469,1100,o.h.t.d.s.BasicBinder,963,752,-3.040894
2025-06-30 15:30:00,10349,2,6,0.24195574451637838,0.0005797661609817374,86,33,115.27732148033627,6,0.0005797661609817374,9,498,7182,i.l.c.p.CommandHandler,2057,599,-7.0848694
2025-06-30 15:40:00,17621,0,0,0.2922649111855173,0.0,47,26,116.53334090006243,0,0.0,8,561,12057,i.l.c.p.CommandHandler,4189,599,-7.6740937
2025-06-30 15:50:00,2933,0,0,0.08182748039549949,0.0,25,26,81.8833958404364,0,0.0,8,545,1420,o.h.t.d.s.BasicBinder,968,752,-3.2424433
2025-06-30 16:00:00,4178,0,0,0.1854954523695548,0.0,39,27,107.06414552417425,0,0.0,8,422,2752,o.h.t.d.s.BasicBinder,983,752,-3.1456687
2025-06-30 16:10:00,7501,2,0,0.31915744567391013,0.0,50,27,124.34128782828957,2,0.0002666311158512198,8,670,5785,i.l.c.p.CommandHandler,1944,599,-5.6117554
2025-06-30 16:20:00,8514,2,0,0.36163965233732676,0.0,40,28,127.62626262626263,2,0.0002349072116513977,8,341,7089,i.l.c.p.CommandHandler,2518,599,-5.2115455
2025-06-30 16:30:00,118190,7,2,0.22722734579913698,1.6921905406548776e-05,43,27,102.56570775869363,9,7.61485743294695e-05,8,498,62933,o.h.t.d.s.BasicExtractor,50423,188,-32.05798
2025-06-30 16:40:00,84874,4,0,0.23556094917171336,0.0,44,26,104.44071211442845,4,4.7128684874048587e-05,8,607,46670,o.h.t.d.s.BasicExtractor,34608,188,-23.657091
2025-06-30 16:50:00,23047,2,1,0.2717924241766824,4.3389595175077016e-05,53,28,113.62142578209745,2,8.677919035015403e-05,8,753,14783,o.h.t.d.s.BasicExtractor,6137,188,-8.720934
2025-06-30 17:00:00,238625,1,4,0.22351388161341015,1.676270298585647e-05,41,27,101.82604924044001,5,2.0953378732320588e-05,8,1355,124055,o.h.t.d.s.BasicExtractor,105876,188,-62.286385
2025-06-30 17:10:00,132541,4,1,0.24470918432786837,7.544835183075425e-06,48,26,105.9181083589229,5,3.772417591537713e-05,8,1258,74095,o.h.t.d.s.BasicExtractor,53059,188,-37.0556
2025-06-30 17:20:00,72614,0,14,0.23075439997796568,0.00019280028644613986,91,36,104.3325804941196,8,0.00011017159225493707,10,1309,39864,o.h.t.d.s.BasicExtractor,28918,188,-20.310396
2025-06-30 17:30:00,97704,9,12,0.266457872758536,0.00012281994595922377,87,34,110.87703676410382,13,0.00013305494145582575,9,1295,59143,o.h.t.d.s.BasicExtractor,33970,188,-29.98914
2025-06-30 17:40:00,69481,2,11,0.31532361364977474,0.0001583166621090658,102,36,120.50704509146385,4,5.756969531238756e-05,9,1478,47641,i.l.c.p.CommandHandler,17658,599,-26.257
2025-06-30 17:50:00,12647,1,0,0.2903455364908674,0.0,39,29,117.17474499881395,1,7.907013520993121e-05,8,848,8849,i.l.c.p.CommandHandler,2942,599,-6.944753
2025-06-30 18:00:00,14139,0,6,0.24294504561850203,0.000424358158285593,77,36,103.6697786264941,5,0.00035363179857132753,9,361,8562,i.l.c.p.CommandHandler,2792,599,-6.8661127
2025-06-30 18:10:00,3029,0,6,0.0013205678441729944,0.0019808517662594917,64,31,66.31825685044569,4,0.0013205678441729944,9,197,1828,o.h.t.d.s.BasicBinder,961,752,-4.1730833
2025-06-30 18:30:00,28432,0,0,0.26821890827236916,0.0,45,27,110.87725098480585,0,0.0,8,563,17787,o.h.t.d.s.BasicExtractor,8268,188,-9.677934
2025-06-30 18:40:00,93553,0,0,0.295126826504762,0.0,33,27,114.9189870982224,0,0.0,8,1315,59263,o.h.t.d.s.BasicExtractor,29986,188,-30.386976
2025-06-30 18:50:00,94817,3,0,0.24695993334528618,0.0,24,27,105.81909362245167,3,3.16398957992765e-05,8,707,53230,o.h.t.d.s.BasicExtractor,37715,188,-27.163582
2025-06-30 19:00:00,82088,0,0,0.2279261280576942,0.0,34,28,102.55576941818536,0,0.0,8,440,43701,o.h.t.d.s.BasicExtractor,35128,188,-22.37571
2025-07-01 09:00:00,7570,0,0,0.3480845442536328,0.0,32,28,123.6565389696169,0,0.0,8,269,6168,i.l.c.p.CommandHandler,2131,599,-4.664461
2025-07-01 09:10:00,58422,0,0,0.23920783266577658,0.0,26,25,104.44438738831262,0,0.0,8,502,32429,o.h.t.d.s.BasicExtractor,23281,188,-16.776907
2025-07-01 09:20:00,17242,0,0,0.2638904999420021,0.0,45,27,110.88000231991649,0,0.0,8,563,11191,o.h.t.d.s.BasicExtractor,4212,188,-6.7570667
2025-07-01 09:30:00,48017,0,0,0.24428848116292146,0.0,22,26,105.50292604702501,0,0.0,8,440,27257,o.h.t.d.s.BasicExtractor,18319,188,-14.34563
2025-07-01 09:50:00,8347,0,0,0.34982628489277584,0.0,31,28,126.11465197076794,0,0.0,8,362,6789,i.l.c.p.CommandHandler,2403,599,-5.085876
2025-07-01 10:00:00,7178,0,0,0.3413207021454444,0.0,32,28,122.23126219002508,0,0.0,8,317,5703,i.l.c.p.CommandHandler,1993,599,-4.5140247
2025-07-01 10:10:00,101088,0,0,0.24646842355175688,0.0,33,27,106.08274968344413,0,0.0,8,877,56539,o.h.t.d.s.BasicExtractor,40449,188,-28.544018
2025-07-01 10:20:00,7614,0,0,0.3416075650118203,0.0,43,27,123.96335697399527,0,0.0,8,395,5992,i.l.c.p.CommandHandler,2129,599,-4.8032274
2025-07-01 10:40:00,5788,0,0,0.2816171389080857,0.0,27,26,111.9607809260539,0,0.0,8,442,4283,i.l.c.p.CommandHandler,1321,599,-4.104287
2025-07-01 10:50:00,15051,0,0,0.2385223573184506,0.0,35,28,104.42050362102187,0,0.0,8,572,8930,o.h.t.d.s.BasicExtractor,4263,188,-5.6119895
2025-07-01 11:00:00,13777,0,0,0.3077593089932496,0.0,34,29,115.42411265152064,0,0.0,8,395,9627,i.l.c.p.CommandHandler,3427,599,-6.031198
2025-07-01 11:10:00,5299,0,0,0.29533874315908665,0.0,20,26,111.99320626533309,0,0.0,8,223,3966,i.l.c.p.CommandHandler,1284,599,-3.8398569
2025-07-01 11:20:00,19591,0,0,0.2751263335204941,0.0,41,29,110.91455260068399,0,0.0,8,401,12439,o.h.t.d.s.BasicExtractor,5302,188,-7.064511
2025-07-01 11:30:00,32435,0,6,0.2814860490211192,0.0001849853553260367,81,35,112.89791891475258,4,0.00012332357021735779,9,552,20629,o.h.t.d.s.BasicExtractor,9526,188,-11.816526
2025-07-01 13:00:00,12059,0,0,0.318019736296542,0.0,58,29,120.93871796998093,0,0.0,8,482,8952,i.l.c.p.CommandHandler,3052,599,-6.437556
2025-07-01 13:10:00,16815,0,0,0.4,0.0,47,28,138.85786500148677,0,0.0,8,1073,14427,i.l.c.p.CommandHandler,5467,599,-10.416318
2025-07-01 13:50:00,24686,2,0,0.31370007291582275,0.0,34,28,116.08267844122174,2,8.101758081503687e-05,8,536,16772,i.l.c.p.CommandHandler,6248,599,-10.047228
2025-07-01 14:00:00,10501,2,0,0.3760594229121036,0.0,44,28,129.70688505856586,2,0.00019045805161413198,8,461,8751,i.l.c.p.CommandHandler,3194,599,-6.2223253
2025-07-01 14:10:00,5904,0,0,0.30911246612466126,0.0,31,28,116.29234417344173,0,0.0,8,196,4641,i.l.c.p.CommandHandler,1484,599,-3.8564205
2025-07-01 14:30:00,7346,0,7,0.18649605227334604,0.0009528995371630819,77,35,93.72706234685543,4,0.0005445140212360468,9,170,4357,o.h.t.d.s.BasicExtractor,1748,188,-6.283697
2025-07-01 14:40:00,56698,0,0,0.31306218914247413,0.0,31,27,115.6522981410279,0,0.0,8,688,37907,o.h.t.d.s.BasicExtractor,15447,188,-19.995821
2025-07-01 15:00:00,42614,0,0,0.30130942882620737,0.0,41,29,113.12157976251936,0,0.0,8,470,27620,o.h.t.d.s.BasicExtractor,12392,188,-14.597518
2025-07-01 15:10:00,39635,0,0,0.21231235019553424,0.0,30,26,99.40439005929103,0,0.0,8,220,20402,o.h.t.d.s.BasicExtractor,17062,188,-10.97955
2025-07-01 15:20:00,42784,0,0,0.2668053477935677,0.0,33,27,108.1263322737472,0,0.0,8,416,25472,o.h.t.d.s.BasicExtractor,14858,188,-13.377399
2025-07-01 15:30:00,126911,0,0,0.2577002781476783,0.0,33,27,106.7183774456115,0,0.0,8,830,72634,o.h.t.d.s.BasicExtractor,49020,188,-37.039333
2025-07-01 15:40:00,12866,0,8,0.20410383957718017,0.000621793875330328,64,33,98.47256334525105,4,0.000310896937665164,9,188,6972,o.h.t.d.s.BasicExtractor,4479,188,-5.5574994
2025-07-01 15:50:00,72359,0,0,0.23522989538274436,0.0,48,26,105.3015658038392,0,0.0,8,554,40195,o.h.t.d.s.BasicExtractor,29020,188,-20.430033
2025-07-01 16:00:00,17368,0,0,0.2245508982035928,0.0,33,26,103.92031321971442,0,0.0,8,275,9927,o.h.t.d.s.BasicExtractor,5869,188,-5.5849137
2025-07-01 16:10:00,19602,0,0,0.29180695847362514,0.0,34,27,113.19457198245077,0,0.0,8,430,12932,o.h.t.d.s.BasicExtractor,4835,188,-7.3602114
2025-07-01 16:20:00,18335,0,0,0.3845104990455413,0.0,36,29,133.34535042268885,0,0.0,8,611,15195,i.l.c.p.CommandHandler,5753,599,-9.5604725
2025-07-01 16:30:00,63882,0,0,0.27676027676027676,0.0,24,29,111.35110046648508,0,0.0,8,803,38809,o.h.t.d.s.BasicExtractor,21372,188,-20.080534
2025-07-01 16:40:00,5639,0,0,0.15516935626884198,0.0,33,27,88.48927114736655,0,0.0,8,235,3037,o.h.t.d.s.BasicExtractor,1311,188,-3.5385492
2025-07-01 16:50:00,13916,0,0,0.25653923541247486,0.0,40,28,114.27917505030182,0,0.0,8,617,9236,i.l.c.p.CommandHandler,2950,599,-6.2590365
2025-07-01 17:00:00,7858,0,0,0.3404174090099262,0.0,32,29,122.72893866123695,0,0.0,8,350,6283,i.l.c.p.CommandHandler,2194,599,-4.763165
2025-07-01 17:10:00,37693,0,0,0.43124718117422334,0.0,35,28,142.38540312524873,0,0.0,8,1192,33230,i.l.c.p.CommandHandler,13147,599,-18.889114
2025-07-01 17:20:00,17599,0,0,0.25427581112563213,0.0,39,28,108.560259105631,0,0.0,8,227,10829,o.h.t.d.s.BasicExtractor,5244,188,-6.2047005
2025-07-01 17:30:00,38421,3,0,0.4234142786496968,0.0,42,28,140.06017542489784,3,7.808229874287499e-05,8,1016,33244,i.l.c.p.CommandHandler,13276,599,-18.677074
2025-07-01 17:40:00,150879,20,0,0.2856593694284824,0.0,51,28,113.97544389875331,20,0.00013255655193897096,8,1732,94186,o.h.t.d.s.BasicExtractor,50342,188,-48.062565
2025-07-01 17:50:00,41748,2,0,0.34485484334578903,0.0,52,28,128.66084602855227,2,4.790648653827728e-05,8,1232,30960,i.l.c.p.CommandHandler,11805,599,-17.554874
2025-07-01 18:00:00,23153,5,0,0.434932838077139,0.0,38,29,144.8272362112901,5,0.00021595473588735802,8,740,21040,i.l.c.p.CommandHandler,8197,599,-12.782746
2025-07-01 18:10:00,87849,0,3,0.2868330885952031,3.41495065396305e-05,44,28,114.175061753691,3,3.41495065396305e-05,8,1084,55321,o.h.t.d.s.BasicExtractor,28071,188,-28.334995
2025-07-01 18:20:00,16279,0,0,0.4063517415074636,0.0,38,29,136.8180477916334,0,0.0,8,595,13945,i.l.c.p.CommandHandler,5425,599,-9.0
2025-07-01 18:30:00,9137,0,6,0.3513188136149721,0.0006566706796541534,84,36,128.09839115683485,4,0.000437780453102769,9,293,7676,i.l.c.p.CommandHandler,2607,599,-7.0754833
2025-07-01 18:40:00,28323,5,15,0.4485753627793666,0.0005296049147336088,77,36,143.7213572008615,9,0.00031776294884016526,9,811,25708,i.l.c.p.CommandHandler,10299,599,-15.30001
2025-07-01 18:50:00,49220,2,15,0.45264120276310443,0.000304754164973588,78,35,144.0667817960179,6,0.00012190166598943519,9,1854,43788,i.l.c.p.CommandHandler,18045,599,-24.739033
2025-07-01 19:00:00,12163,26,0,0.391515251171586,0.0,38,33,132.6288744553153,26,0.0021376305187864836,8,499,10319,i.l.c.p.CommandHandler,3864,599,-7.1150055
2025-07-01 19:10:00,30273,3,7,0.2837181647012189,0.00023122914808575297,82,33,112.55653552670697,7,0.00023122914808575297,9,692,19734,o.h.t.d.s.BasicExtractor,8092,188,-11.595916
2025-07-01 19:20:00,10339,0,8,0.35796498694264434,0.0007737692233291421,73,36,128.92146242383208,4,0.00038688461166457103,9,351,8893,i.l.c.p.CommandHandler,2983,599,-6.92752
2025-07-01 19:30:00,21297,2,0,0.36366624407193504,0.0,68,28,131.8482884913368,2,9.390994036718787e-05,8,698,17141,i.l.c.p.CommandHandler,6146,599,-10.951592
2025-07-01 19:40:00,65291,0,1,0.2302154967759722,1.531604662204592e-05,35,26,103.02933022928121,1,1.531604662204592e-05,8,502,35323,o.h.t.d.s.BasicExtractor,27023,188,-18.063639
2025-07-01 20:20:00,6906,0,0,0.18027801911381408,0.0,27,25,91.22849695916594,0,0.0,8,116,3734,o.h.t.d.s.BasicExtractor,1970,188,-3.5015237
2025-07-01 21:10:00,7032,0,0,0.18842434584755405,0.0,26,24,92.42790102389078,0,0.0,8,82,3881,o.h.t.d.s.BasicExtractor,1979,188,-3.5846002
2025-07-02 08:30:00,6122,0,0,0.16906239790918,0.0,27,25,87.06288794511597,0,0.0,8,71,3212,o.h.t.d.s.BasicExtractor,1766,188,-3.4339936
2025-07-02 09:00:00,93556,0,0,0.2457886185813844,0.0,39,28,106.2807302578135,0,0.0,8,965,52591,o.h.t.d.s.BasicExtractor,37001,188,-26.411074
2025-07-02 09:10:00,58979,0,0,0.30756710015429223,0.0,52,27,119.2309635633022,0,0.0,8,1180,39951,o.h.t.d.s.BasicExtractor,15455,188,-20.986847
2025-07-02 09:20:00,21346,0,0,0.32816452731190854,0.0,45,28,124.13520097442144,0,0.0,8,515,15748,i.l.c.p.CommandHandler,5725,599,-9.579589
2025-07-02 09:30:00,14409,0,0,0.40807828440557986,0.0,35,27,137.39836213477687,0,0.0,8,470,12737,i.l.c.p.CommandHandler,4805,599,-8.273536
2025-07-02 09:40:00,12693,0,0,0.3860395493579138,0.0,38,26,137.11313322303633,0,0.0,8,532,11031,i.l.c.p.CommandHandler,4017,599,-7.434364
2025-07-02 09:50:00,23305,0,0,0.43617249517270973,0.0,36,28,143.57549881999572,0,0.0,8,716,21280,i.l.c.p.CommandHandler,8306,599,-12.884846
2025-07-02 10:00:00,13258,0,0,0.4129582139085835,0.0,19,26,136.06946749132598,0,0.0,8,395,11690,i.l.c.p.CommandHandler,4476,599,-7.899952
2025-07-02 10:10:00,16486,0,0,0.3742569452869101,0.0,38,27,130.55471308989445,0,0.0,8,415,13541,i.l.c.p.CommandHandler,5036,599,-8.432845
2025-07-02 10:20:00,24501,0,0,0.4387576017305416,0.0,52,29,144.67744173707194,0,0.0,8,773,22414,i.l.c.p.CommandHandler,8773,599,-13.441879
2025-07-02 10:30:00,26202,0,0,0.408747423860774,0.0,48,27,137.7884130982368,0,0.0,8,776,22536,i.l.c.p.CommandHandler,8719,599,-13.375777
2025-07-02 10:40:00,16554,0,0,0.38359308928355684,0.0,50,27,142.8572550440981,0,0.0,8,649,14395,i.l.c.p.CommandHandler,5225,599,-9.408364
2025-07-02 10:50:00,9063,0,0,0.340946706388613,0.0,32,28,126.02261944168598,0,0.0,8,482,7441,i.l.c.p.CommandHandler,2518,599,-5.5537043
2025-07-02 11:00:00,26522,4,0,0.2785611944800543,0.0,53,28,114.55859286629968,4,0.00015081818867355404,8,698,17533,o.h.t.d.s.BasicExtractor,6808,188,-9.867581
2025-07-02 11:10:00,24106,0,0,0.2744130092093255,0.0,36,27,110.80739235045218,0,0.0,8,280,15375,o.h.t.d.s.BasicExtractor,6953,188,-8.445875
2025-07-02 11:20:00,79389,0,0,0.24556298731562307,0.0,35,28,105.80899117006135,0,0.0,8,494,44720,o.h.t.d.s.BasicExtractor,31461,188,-22.917908
2025-07-02 11:30:00,15368,0,0,0.28110359187922956,0.0,46,28,112.09513274336283,0,0.0,8,242,10306,o.h.t.d.s.BasicExtractor,3590,188,-6.251474
2025-07-02 12:30:00,18771,0,0,0.3745138777902083,0.0,40,28,129.79835917106175,0,0.0,8,482,15060,i.l.c.p.CommandHandler,5740,599,-9.277523
2025-07-02 12:50:00,5573,0,0,0.3068365332854836,0.0,31,27,114.75309528081823,0,0.0,8,203,4298,i.l.c.p.CommandHandler,1410,599,-3.7395792
2025-07-02 13:00:00,9657,2,0,0.3581857719788754,0.0,42,27,131.97390493942217,2,0.00020710365537951746,8,377,8119,i.l.c.p.CommandHandler,2839,599,-5.772676
2025-07-02 13:10:00,18909,0,0,0.28557829604950025,0.0,33,27,112.74906129356391,0,0.0,8,283,12426,o.h.t.d.s.BasicExtractor,4871,188,-7.060869
2025-07-02 13:20:00,20285,0,6,0.3270889820064087,0.00029578506285432587,88,35,122.55006162188809,4,0.00019719004190288391,9,596,14847,i.l.c.p.CommandHandler,5410,599,-10.384294
2025-07-02 13:30:00,24667,2,20,0.2817934892771719,0.0008107998540560263,90,37,115.71301739165688,6,0.00024323995621680788,9,595,16427,o.h.t.d.s.BasicExtractor,6109,188,-10.616507
2025-07-02 13:40:00,23971,2,0,0.3016144507947103,0.0,61,27,116.73230153101665,2,8.343414959743023e-05,8,529,16460,i.l.c.p.CommandHandler,5885,599,-10.158213
2025-07-02 13:50:00,7221,2,0,0.23251627198448968,0.0,40,28,103.08959977842404,2,0.0002769699487605595,8,215,4623,i.l.c.p.CommandHandler,1330,599,-3.381906
2025-07-02 14:00:00,20672,0,0,0.25058049535603716,0.0,27,27,106.17037538699691,0,0.0,8,257,12331,o.h.t.d.s.BasicExtractor,6681,188,-6.8597636
2025-07-02 14:10:00,30240,5,0,0.26521164021164023,0.0,39,27,109.83852513227514,5,0.00016534391534391533,8,397,18659,o.h.t.d.s.BasicExtractor,9391,188,-10.036606
2025-07-02 14:20:00,75473,39,0,0.3226054350562453,0.0,62,29,121.43537423979437,39,0.0005167410862162628,8,1424,52753,i.l.c.p.CommandHandler,19625,599,-28.362103
2025-07-02 14:30:00,19163,10,0,0.3585033658612952,0.0,51,29,132.72013776548556,10,0.0005218389604967907,8,665,15493,i.l.c.p.CommandHandler,5649,599,-9.784277
2025-07-02 14:40:00,25780,4,0,0.34728471683475565,0.0,50,28,129.7930954228084,4,0.0001551590380139643,8,682,20077,i.l.c.p.CommandHandler,7309,599,-11.992262
2025-07-02 14:50:00,11169,1,0,0.3927835974572477,0.0,36,28,132.22893723699525,1,8.95335303071e-05,8,296,9701,i.l.c.p.CommandHandler,3578,599,-6.5561466
2025-07-02 15:00:00,18671,0,9,0.34813346901612124,0.0004820309570992448,89,37,126.48754753360826,4,0.0002142359809329977,9,495,14681,i.l.c.p.CommandHandler,5313,599,-10.478231
2025-07-02 15:10:00,18498,1,0,0.3922586225537896,0.0,55,27,134.8002486755325,1,5.405989836739107e-05,8,676,15953,i.l.c.p.CommandHandler,5949,599,-10.172472
2025-07-02 15:20:00,11156,0,0,0.3715489422732162,0.0,37,28,128.3785406955898,0,0.0,8,302,9380,i.l.c.p.CommandHandler,3394,599,-6.2739453
2025-07-02 15:50:00,1523,8,93,0.07550886408404466,0.06106369008535785,56,17,99.00065659881813,83,0.054497701904136574,6,235,1021,o.h.t.BasicTypeRegistry,232,782,-5.5921636
2025-07-02 16:00:00,9387,13,22,0.2339405560882071,0.0023436667731969747,90,46,105.06018962394802,13,0.0013848940023436667,8,529,6281,i.l.c.p.CommandHandler,1789,599,-7.1822977
2025-07-02 16:10:00,11741,0,8,0.34417851971723024,0.0006813729665275531,102,38,130.42117366493486,6,0.0005110297248956647,9,506,10096,i.l.c.p.CommandHandler,3273,599,-9.188144
2025-07-02 16:20:00,10374,0,0,0.2839791787160208,0.0,60,28,116.52670136880663,0,0.0,8,388,7535,i.l.c.p.CommandHandler,2390,599,-5.5914183
2025-07-02 16:30:00,28532,6,0,0.31925557269031263,0.0,53,29,120.64552081872985,8,0.00028038693396887705,8,866,19780,i.l.c.p.CommandHandler,7370,599,-11.983333
2025-07-02 16:40:00,8788,4,0,0.3343195266272189,0.0,59,29,129.4365043240783,4,0.0004551661356395084,8,392,7324,i.l.c.p.CommandHandler,2354,599,-5.68645
2025-07-02 16:50:00,43020,26,0,0.31420269642026966,0.0,61,28,121.013179916318,26,0.000604370060437006,8,1076,30079,i.l.c.p.CommandHandler,10848,599,-16.994946
2025-07-02 17:00:00,18528,5,2,0.3956174438687392,0.0001079447322970639,53,29,138.66612694300517,5,0.00026986183074265976,8,866,16440,i.l.c.p.CommandHandler,5866,599,-10.754498
2025-07-02 17:10:00,32428,0,0,0.35447761194029853,0.0,58,29,129.83480325644504,0,0.0,8,818,25435,i.l.c.p.CommandHandler,9323,599,-14.682813
2025-07-02 17:20:00,27653,8,0,0.3271254475102159,0.0,61,28,124.13785122771489,8,0.0002892995335045022,8,748,20327,i.l.c.p.CommandHandler,7317,599,-12.22132
2025-07-02 17:30:00,56789,7,0,0.27714874359471026,0.0,62,29,113.51923788057546,7,0.0001232633080350068,8,1064,35843,o.h.t.d.s.BasicExtractor,17604,188,-18.572622
2025-07-02 17:40:00,9430,0,0,0.35259809119830327,0.0,39,29,127.07009544008484,0,0.0,8,428,7808,i.l.c.p.CommandHandler,2725,599,-5.606918
2025-07-02 17:50:00,163861,1,7,0.24343193316286366,4.2719133900073845e-05,51,27,105.78916886873631,8,4.882186731437011e-05,8,997,91547,o.h.t.d.s.BasicExtractor,66443,188,-46.278896
2025-07-02 18:00:00,70584,2,2,0.2539669046809475,2.8335033435339454e-05,55,30,108.29287090558766,4,5.667006687067891e-05,8,923,41202,o.h.t.d.s.BasicExtractor,25562,188,-20.81946
2025-07-02 18:10:00,61059,1,8,0.24150411896690085,0.00013102081593213122,95,36,105.38520119884046,7,0.00011464321394061481,9,674,34186,o.h.t.d.s.BasicExtractor,23921,188,-17.973446
2025-07-02 18:20:00,111154,0,11,0.2571837270813466,9.896180074491246e-05,85,35,108.16729942242294,6,5.3979164042679525e-05,9,1138,64348,o.h.t.d.s.BasicExtractor,41846,188,-32.380947
2025-07-02 18:30:00,71723,0,0,0.3134977622241122,0.0,38,28,118.72938945665965,0,0.0,8,932,48811,o.h.t.d.s.BasicExtractor,18789,188,-25.604906
2025-07-02 18:40:00,22549,0,0,0.42662645793605036,0.0,40,28,140.3278637633598,0,0.0,8,845,19771,i.l.c.p.CommandHandler,7910,599,-12.259844
2025-07-02 18:50:00,21724,0,0,0.32038298655864483,0.0,37,26,119.06380040508193,0,0.0,8,229,15515,i.l.c.p.CommandHandler,5629,599,-9.270508
2025-07-02 19:00:00,7869,0,0,0.17600711653323167,0.0,22,24,89.63070275765662,0,0.0,8,65,4070,o.h.t.d.s.BasicExtractor,2622,188,-3.5139158
2025-07-02 19:10:00,7821,0,0,0.2614755146400716,0.0,34,26,107.08528321186549,0,0.0,8,170,5252,i.l.c.p.CommandHandler,1668,599,-3.7010624
2025-07-02 19:40:00,5326,0,0,0.29759669545625234,0.0,29,10,110.94817874577544,0,0.0,5,101,4133,i.l.c.p.CommandHandler,1307,599,-4.41673
2025-07-02 19:50:00,2621,0,6,0.08012209080503624,0.002289202594429607,61,12,63.7966425028615,4,0.0015261350629530714,6,66,1534,o.h.t.d.s.BasicBinder,1000,752,-4.0783067
2025-07-02 20:10:00,2793,0,6,0.06408879341210168,0.0021482277121374865,57,11,67.33834586466165,4,0.0014321518080916578,6,47,1751,o.h.t.d.s.BasicBinder,972,752,-3.7947726
2025-07-02 20:20:00,27935,0,0,0.28659387864685876,0.0,42,10,112.80336495435833,0,0.0,5,252,18293,o.h.t.d.s.BasicExtractor,7888,188,-10.382499
2025-07-02 20:40:00,2090,0,7,0.0019138755980861245,0.0033492822966507177,48,9,47.84784688995215,4,0.0019138755980861245,6,37,1085,o.h.t.d.s.BasicBinder,961,752,-3.2469966
2025-07-03 07:50:00,6173,0,0,0.12959663048760733,0.0,34,10,80.32836546249797,0,0.0,5,72,2868,o.h.t.d.s.BasicExtractor,2180,188,-4.012021
2025-07-03 09:00:00,8628,0,0,0.19471488178025034,0.0,24,7,92.87610106629577,0,0.0,5,78,4749,o.h.t.d.s.BasicExtractor,2648,188,-4.41291
2025-07-03 09:20:00,5842,0,0,0.24563505648750428,0.0,49,10,106.05391989044848,0,0.0,5,290,4538,i.l.c.p.CommandHandler,1134,599,-4.6795583
2025-07-03 09:30:00,20795,20,0,0.2589564799230584,0.0,49,10,108.20158691993268,20,0.0009617696561673479,5,390,13239,o.h.t.d.s.BasicExtractor,5680,188,-7.8739123
2025-07-03 09:40:00,21744,59,0,0.32689477557027224,0.0,55,10,119.70125091979396,59,0.002713392200147167,5,522,15965,i.l.c.p.CommandHandler,5645,599,-10.213961
2025-07-03 09:50:00,16460,23,2,0.3328068043742406,0.00012150668286755772,64,12,125.99823815309843,23,0.0013973268529769137,5,457,12878,i.l.c.p.CommandHandler,4397,599,-8.894985
2025-07-03 10:00:00,87115,0,6,0.3064340239912759,6.887447626700339e-05,95,14,114.69047810365609,4,4.591631751133559e-05,6,503,57529,o.h.t.d.s.BasicExtractor,25786,188,-30.633408
2025-07-03 10:10:00,43650,0,0,0.3080183276059565,0.0,56,10,116.98762886597937,0,0.0,5,520,29837,o.h.t.d.s.BasicExtractor,11254,188,-16.157091
2025-07-03 10:20:00,54627,1,0,0.28570121002434695,0.0,38,10,109.00045764914786,1,1.8305965914291468e-05,5,198,33953,o.h.t.d.s.BasicExtractor,17975,188,-18.288475
2025-07-03 10:30:00,17091,15,0,0.2899186706453689,0.0,40,10,123.06506348370488,15,0.000877654906090925,5,364,12302,i.l.c.p.CommandHandler,4020,599,-7.941334
2025-07-03 10:40:00,14896,0,0,0.4017857142857143,0.0,43,10,133.77215359828142,0,0.0,5,432,13126,i.l.c.p.CommandHandler,4757,599,-8.831802
2025-07-03 10:50:00,29221,3,0,0.37818692036549056,0.0,41,10,128.92984497450465,3,0.00010266589096882379,5,438,23680,i.l.c.p.CommandHandler,8905,599,-13.907523
2025-07-03 11:00:00,16838,1,0,0.3932771112958784,0.0,42,10,133.2230668725502,1,5.938947618482005e-05,5,352,14518,i.l.c.p.CommandHandler,5369,599,-9.403196
2025-07-03 11:10:00,27788,0,0,0.23463365481502807,0.0,35,10,102.79214049229883,0,0.0,5,356,15826,o.h.t.d.s.BasicExtractor,10128,188,-8.925428
2025-07-03 11:20:00,9649,0,0,0.2658306560265312,0.0,41,10,110.01285107265002,0,0.0,5,324,6882,i.l.c.p.CommandHandler,2089,599,-5.3195376
2025-07-03 11:30:00,5441,0,0,0.2922256938062856,0.0,22,9,109.62102554677449,0,0.0,5,156,4261,i.l.c.p.CommandHandler,1304,599,-4.3841653
2025-07-03 11:50:00,6514,0,0,0.3177770954866441,0.0,35,10,117.9453484801965,0,0.0,5,210,5328,i.l.c.p.CommandHandler,1671,599,-4.910145
2025-07-03 12:40:00,4907,0,0,0.29855308742612596,0.0,28,10,110.60342368045649,0,0.0,5,88,3837,i.l.c.p.CommandHandler,1200,599,-4.3672447
2025-07-03 12:50:00,10598,0,6,0.37271183242121153,0.0005661445555765239,66,13,124.68588412908096,4,0.0003774297037176826,6,266,9029,i.l.c.p.CommandHandler,3193,599,-6.925849
2025-07-03 13:00:00,19983,2,0,0.31772006205274483,0.0,39,10,117.64880148125907,2,0.00010008507231146475,5,492,14867,i.l.c.p.CommandHandler,5132,599,-9.308312
2025-07-03 13:10:00,21344,0,0,0.24878185907046477,0.0,33,10,104.94776049475263,0,0.0,5,264,12873,o.h.t.d.s.BasicExtractor,6772,188,-7.45485
2025-07-03 13:20:00,6121,0,0,0.29325273648096717,0.0,27,10,110.28704460055546,0,0.0,5,216,4844,i.l.c.p.CommandHandler,1456,599,-4.4313884
2025-07-03 13:30:00,7219,2,0,0.3073832940850533,0.0,43,10,116.65687768388973,2,0.0002770466823659787,5,272,5905,i.l.c.p.CommandHandler,1794,599,-5.021697
2025-07-03 13:40:00,14102,0,6,0.3960431144518508,0.0004254715643171181,86,14,131.75436108353426,4,0.00028364770954474543,6,396,12492,i.l.c.p.CommandHandler,4536,599,-9.70268
2025-07-03 13:50:00,22042,0,0,0.3906179112603212,0.0,38,10,131.4621177751565,0,0.0,5,528,18784,i.l.c.p.CommandHandler,6913,599,-11.625547
2025-07-03 14:00:00,27674,0,0,0.3091349280913493,0.0,42,10,116.68667341186674,0,0.0,5,406,19423,i.l.c.p.CommandHandler,6904,599,-11.653893
2025-07-03 14:10:00,16126,0,0,0.33114225474389186,0.0,28,9,118.31501922361404,0,0.0,5,284,11877,i.l.c.p.CommandHandler,4330,599,-7.714277
2025-07-03 14:20:00,53872,0,6,0.2947913572913573,0.00011137511137511137,90,14,114.06660231660231,5,9.281259281259282e-05,6,588,35026,o.h.t.d.s.BasicExtractor,16125,188,-18.906094
2025-07-03 14:30:00,48577,0,0,0.30487679354426994,0.0,47,11,115.76690614900056,0,0.0,5,522,32887,o.h.t.d.s.BasicExtractor,13057,188,-17.631054
2025-07-03 14:40:00,66754,0,0,0.3494921652635048,0.0,47,11,124.18457320909609,0,0.0,5,726,50054,i.l.c.p.CommandHandler,18925,599,-27.25687
2025-07-03 14:50:00,13485,2,0,0.39517982944011865,0.0,44,10,132.64011865035224,2,0.00014831294030404152,5,340,12003,i.l.c.p.CommandHandler,4348,599,-8.2205515
2025-07-03 15:00:00,12055,0,0,0.19162173372044794,0.0,34,10,96.77353795105765,0,0.0,5,320,7135,o.h.t.d.s.BasicExtractor,3446,188,-4.9157968
2025-07-03 15:10:00,39156,0,0,0.40785575646133415,0.0,37,11,134.78284298702624,0,0.0,5,640,33750,i.l.c.p.CommandHandler,12957,599,-19.019098
2025-07-03 15:20:00,59245,3,0,0.3670520719048021,0.0,44,11,127.52871972318339,3,5.0637184572537765e-05,5,732,46231,i.l.c.p.CommandHandler,17595,599,-25.29622
2025-07-03 15:30:00,32455,0,6,0.32814666461254044,0.0001848713603450932,87,15,120.39639500847328,4,0.00012324757356339548,6,527,23827,i.l.c.p.CommandHandler,8655,599,-14.5014305
2025-07-03 15:40:00,44561,3,0,0.32283835641031394,0.0,47,10,119.17279684028635,3,6.732344426740872e-05,5,678,31860,i.l.c.p.CommandHandler,11597,599,-17.870878
2025-07-03 15:50:00,50199,2,6,0.3483933942907229,0.00011952429331261579,91,14,124.48287814498296,6,0.00011952429331261579,6,662,37625,i.l.c.p.CommandHandler,14059,599,-21.194344
2025-07-03 16:00:00,46265,1,0,0.4178536690802983,0.0,44,10,136.26030476602182,1,2.1614611477358694e-05,5,820,40158,i.l.c.p.CommandHandler,15662,599,-22.249306
2025-07-03 16:10:00,13921,0,6,0.3189426046979384,0.00043100351986207885,93,14,123.2022124847353,4,0.0002873356799080526,6,373,11126,i.l.c.p.CommandHandler,3623,599,-9.330814
2025-07-03 16:20:00,43589,4,6,0.3530248457179564,0.00013764940696047167,99,15,125.78244511229897,8,0.00018353254261396223,6,941,33762,i.l.c.p.CommandHandler,12458,599,-19.548336
2025-07-03 16:30:00,16145,0,12,0.4001858160421183,0.0007432641684732115,89,15,133.46652214307835,8,0.0004955094456488077,6,485,14273,i.l.c.p.CommandHandler,5143,599,-10.628957
2025-07-03 16:50:00,29812,0,14,0.26321615456863007,0.00046960955320005365,87,14,111.00057024017174,8,0.0002683483161143164,6,319,19146,o.h.t.d.s.BasicExtractor,8807,188,-11.543601
2025-07-03 17:00:00,23962,0,0,0.27042817794841834,0.0,37,10,107.0501627576997,0,0.0,4,328,14914,o.h.t.d.s.BasicExtractor,6365,188,-8.740152
2025-07-03 17:10:00,19344,0,0,0.29518196856906537,0.0,46,10,114.25646195202647,0,0.0,4,376,13672,i.l.c.p.CommandHandler,4600,599,-8.805426
2025-07-03 17:20:00,192100,0,0,0.24351900052056222,0.0,42,10,105.24678813118167,0,0.0,4,672,107721,o.h.t.d.s.BasicExtractor,78310,188,-55.509895
2025-07-03 17:30:00,370057,2,0,0.23242095136695157,0.0,41,9,103.19229199825973,2,5.404572809053741e-06,4,582,198896,o.h.t.d.s.BasicExtractor,160596,188,-103.207756
2025-07-03 17:40:00,53084,0,0,0.231519855323638,0.0,42,10,101.53102629794289,0,0.0,4,370,28753,o.h.t.d.s.BasicExtractor,19947,188,-15.333076
2025-07-03 17:50:00,19211,10,0,0.28473270522096716,0.0,49,10,113.90495028889698,10,0.0005205351100931758,4,638,13817,i.l.c.p.CommandHandler,4417,599,-9.1861925
2025-07-03 18:00:00,3492,1,0,0.22394043528064148,0.0,17,8,93.3118556701031,1,0.000286368843069874,4,30,2467,o.h.t.d.s.BasicBinder,994,752,-3.401404
2025-07-03 18:20:00,9404,0,0,0.3817524457677584,0.0,34,10,129.5557209698001,0,0.0,4,202,8111,i.l.c.p.CommandHandler,2888,599,-6.60662
2025-07-03 18:30:00,3427,0,0,0.0,0.0,24,8,66.41289757805662,0,0.0,4,316,2153,o.h.t.d.s.BasicBinder,958,752,-3.3367987
2025-07-03 19:10:00,3452,2,0,0.0011587485515643105,0.0,32,8,66.045191193511,2,0.0005793742757821553,4,324,2132,o.h.t.d.s.BasicBinder,984,752,-3.6628675
2025-07-04 09:00:00,65857,1,0,0.2766904049683405,0.0,52,10,113.04855975826412,1,1.5184414716734743e-05,4,620,41693,o.h.t.d.s.BasicExtractor,21121,188,-21.898088
2025-07-04 09:10:00,96437,3,0,0.25898773292408517,0.0,60,10,107.78878438773499,3,3.110839200721715e-05,4,692,57152,o.h.t.d.s.BasicExtractor,35214,188,-29.49458
2025-07-04 09:20:00,18278,0,0,0.42756319072108545,0.0,31,10,138.84347302768356,0,0.0,4,460,16521,i.l.c.p.CommandHandler,6298,599,-10.762816
2025-07-04 09:30:00,42856,0,0,0.46469572521933916,0.0,34,10,146.49843662497668,0,0.0,4,912,40382,i.l.c.p.CommandHandler,16082,599,-22.64343
2025-07-04 09:40:00,28489,5,0,0.4457860928779529,0.0,47,10,142.78096809294814,5,0.0001755063357787216,4,644,26395,i.l.c.p.CommandHandler,10275,599,-15.594268
2025-07-04 09:50:00,43965,0,0,0.390992835209826,0.0,50,11,131.7286477880132,0,0.0,4,682,35814,i.l.c.p.CommandHandler,13921,599,-20.048658
2025-07-04 10:00:00,31604,1,6,0.44921528920389825,0.00018984938615365145,86,15,142.64014048854574,5,0.00015820782179470954,5,694,29430,i.l.c.p.CommandHandler,11502,599,-17.454962
2025-07-04 10:10:00,23105,0,0,0.4444925340835317,0.0,31,9,140.8969487123999,0,0.0,4,408,21405,i.l.c.p.CommandHandler,8255,599,-13.250732
2025-07-04 10:20:00,8794,0,0,0.37809870366158743,0.0,29,10,127.7030930179668,0,0.0,4,216,7500,i.l.c.p.CommandHandler,2707,599,-6.3417826
2025-07-04 10:40:00,7692,0,0,0.23075923036921478,0.0,42,10,106.46671866874675,0,0.0,4,534,6129,i.l.c.p.CommandHandler,1459,599,-5.6999183
2025-07-04 10:50:00,13420,0,0,0.4139344262295082,0.0,39,10,136.0074515648286,0,0.0,4,302,11875,i.l.c.p.CommandHandler,4564,599,-8.405503
2025-07-04 11:00:00,38007,0,0,0.26166232536111766,0.0,48,10,108.37806193595917,0,0.0,4,265,22996,o.h.t.d.s.BasicExtractor,12946,188,-12.691812
2025-07-04 11:10:00,12421,0,0,0.4005313581837211,0.0,44,10,133.2208356815071,0,0.0,4,284,11005,i.l.c.p.CommandHandler,4024,599,-7.984084
2025-07-04 11:20:00,3415,0,0,0.19765739385065886,0.0,21,8,89.92737920937043,0,0.0,4,52,2389,o.h.t.d.s.BasicBinder,974,752,-3.2758136
2025-07-04 11:50:00,4839,0,0,0.13639181649101054,0.0,24,6,79.98326100433974,0,0.0,4,22,2458,o.h.t.d.s.BasicExtractor,1321,188,-4.5869236
2025-07-04 12:10:00,5953,0,0,0.3342852343356291,0.0,29,10,116.98135393919033,0,0.0,4,98,4778,i.l.c.p.CommandHandler,1604,599,-5.065676
2025-07-04 12:50:00,8139,1,0,0.3768276201007495,0.0,29,10,126.05037473891142,1,0.00012286521685710776,4,152,6876,i.l.c.p.CommandHandler,2441,599,-6.1031137
2025-07-04 13:10:00,10347,0,0,0.19570890113076253,0.0,33,9,93.69421088238137,0,0.0,4,88,5478,o.h.t.d.s.BasicExtractor,3636,188,-4.85874
2025-07-04 13:20:00,9822,2,0,0.33027896558745673,0.0,42,10,122.54316839747506,2,0.00020362451639177357,4,422,8288,i.l.c.p.CommandHandler,2651,599,-6.629508
2025-07-04 13:30:00,15715,0,0,0.3881641743557111,0.0,55,11,134.20598154629334,0,0.0,4,550,13825,i.l.c.p.CommandHandler,4923,599,-9.583196
2025-07-04 13:40:00,11498,1,6,0.35371368933727604,0.0005218298834579927,93,15,125.41702904853018,5,0.0004348582362149939,5,415,9873,i.l.c.p.CommandHandler,3272,599,-8.921148
2025-07-04 13:50:00,15713,3,0,0.3402278368230128,0.0,52,10,123.02456564628015,3,0.0001909247120218927,4,522,12487,i.l.c.p.CommandHandler,4299,599,-8.671382
2025-07-04 14:00:00,3224,2,0,0.0012406947890818859,0.0,29,8,61.3560794044665,2,0.0006203473945409429,4,274,1968,o.h.t.d.s.BasicBinder,980,752,-3.3489156
2025-07-04 14:10:00,11987,2,0,0.36322682906482023,0.0,46,10,127.18903812463502,2,0.00016684741803620588,4,474,10259,i.l.c.p.CommandHandler,3445,599,-7.676061
2025-07-04 14:20:00,15229,2,0,0.3551776216429181,0.0,66,12,126.00761704642458,0,0.0,4,728,12804,i.l.c.p.CommandHandler,4248,599,-9.577419
2025-07-04 14:30:00,8799,2,0,0.14365268780543244,0.0,54,9,91.74758495283555,2,0.00022729855665416524,4,576,5750,o.h.t.d.s.BasicExtractor,1402,188,-6.0200934
2025-07-04 14:40:00,21410,2,6,0.4135450723960766,0.0002802428771602055,95,14,138.16221391872958,6,0.0002802428771602055,5,636,19499,i.l.c.p.CommandHandler,7124,599,-13.237435
2025-07-04 14:50:00,19997,4,0,0.4052107816172426,0.0,46,11,136.33485022753413,4,0.0002000300045006751,4,776,17783,i.l.c.p.CommandHandler,6344,599,-11.649391
2025-07-04 15:00:00,6613,11,1,0.19461666414637835,0.00015121729925903524,47,9,100.48056857704522,11,0.0016633902918493876,4,508,4989,o.h.t.d.s.BasicBinder,1103,752,-5.0888
2025-07-04 15:10:00,5942,2,0,0.25395489734096266,0.0,40,9,102.20498148771458,2,0.0003365870077415012,4,262,4299,o.h.t.d.s.BasicBinder,1369,752,-4.411047
2025-07-04 15:20:00,5624,9,0,0.2619132290184922,0.0,30,9,104.66411806543385,9,0.001600284495021337,4,206,4172,o.h.t.d.s.BasicBinder,1237,752,-4.2894797
2025-07-04 15:30:00,20873,2,0,0.2464427729602836,0.0,40,9,104.2626838499497,2,9.581756335936378e-05,4,368,12840,o.h.t.d.s.BasicExtractor,6174,188,-7.6936984
2025-07-04 15:40:00,9104,67,0,0.09105887521968366,0.0,43,9,82.6150043936731,67,0.007359402460456942,4,826,5192,o.h.t.d.s.BasicBinder,1639,752,-6.7938476
2025-07-04 15:50:00,7063,3,0,0.20968427014016708,0.0,34,10,104.71782528670536,3,0.0004247486903582047,4,512,5492,i.l.c.p.CommandHandler,1200,599,-5.269544
2025-07-04 16:00:00,10254,5,0,0.2418568363565438,0.0,47,11,107.0798712697484,5,0.0004876145894285157,4,434,7364,i.l.c.p.CommandHandler,2002,599,-5.966805
2025-07-04 16:10:00,6177,0,0,0.10361016674761211,0.0,39,9,81.76639145216124,0,0.0,4,292,3519,o.h.t.d.s.BasicExtractor,1324,188,-4.6380024
2025-07-04 16:20:00,10402,10,0,0.28167660065372047,0.0,49,10,113.03432032301481,10,0.0009613535858488752,4,450,7888,i.l.c.p.CommandHandler,2376,599,-6.4180474
2025-07-04 16:30:00,16243,8,0,0.323893369451456,0.0,50,10,122.75946561595764,8,0.0004925198547066429,4,492,12289,i.l.c.p.CommandHandler,4240,599,-8.461537
2025-07-04 16:40:00,21651,10,0,0.372731051683525,0.0,40,10,129.77118839776455,10,0.0004618724308346035,4,404,17050,i.l.c.p.CommandHandler,6575,599,-10.772577
2025-07-04 16:50:00,4002,4,0,0.001999000499750125,0.0,17,7,62.47626186906547,4,0.0009995002498750624,4,40,1022,o.h.t.d.s.BasicExtractor,1933,188,-4.460536
2025-07-04 17:00:00,4026,5,0,0.0024838549428713363,0.0,17,7,62.674615002483854,5,0.0012419274714356682,4,48,1043,o.h.t.d.s.BasicExtractor,1920,188,-4.4473968
2025-07-04 17:10:00,4526,12,0,0.005302695536897923,0.0,30,7,64.22646928855501,12,0.0026513477684489617,4,142,1358,o.h.t.d.s.BasicExtractor,1930,188,-4.294428
2025-07-04 17:20:00,8422,1,0,0.2418665400142484,0.0,42,10,106.89681785799098,1,0.00011873664212776063,4,232,5266,o.h.t.d.s.BasicExtractor,1900,188,-5.3792167
2025-07-04 17:30:00,13223,4,6,0.40217802314149587,0.00045375482114497467,76,14,132.9956137033956,8,0.0006050064281932996,5,203,11541,i.l.c.p.CommandHandler,4331,599,-8.971267
2025-07-04 17:40:00,21161,2,0,0.4448750059070932,0.0,41,10,141.5547469401257,2,9.451349180095458e-05,4,390,19495,i.l.c.p.CommandHandler,7612,599,-12.307141
2025-07-04 17:50:00,17437,6,6,0.36973103171417104,0.00034409588805413776,91,15,127.78849572747606,10,0.0005734931467568962,5,424,14322,i.l.c.p.CommandHandler,5205,599,-10.722957
2025-07-04 18:00:00,8153,1,0,0.37618054703790016,0.0,21,10,125.25757389917821,1,0.00012265423770391266,4,148,6909,i.l.c.p.CommandHandler,2497,599,-6.14145
2025-07-04 18:10:00,21408,0,0,0.3185724962630792,0.0,33,11,117.42484118086696,0,0.0,4,314,14754,i.l.c.p.CommandHandler,5461,599,-9.30656
2025-07-04 18:20:00,4784,0,0,0.2999581939799331,0.0,18,11,108.41764214046823,0,0.0,4,88,3615,i.l.c.p.CommandHandler,1144,599,-4.8138685
2025-07-04 18:30:00,9169,0,0,0.3855382266332206,0.0,28,11,128.08027047660596,0,0.0,4,168,7835,i.l.c.p.CommandHandler,2867,599,-6.4636345
2025-07-04 18:50:00,5126,0,0,0.3053062817011315,0.0,29,10,111.50994927818962,0,0.0,4,92,3997,i.l.c.p.CommandHandler,1272,599,-4.760853
2025-07-04 19:30:00,4906,0,0,0.3037097431716266,0.0,28,10,111.14492458214431,0,0.0,4,70,3845,i.l.c.p.CommandHandler,1209,599,-4.748429
2025-07-04 20:00:00,11766,0,0,0.3484616692163862,0.0,38,10,122.40889002209757,0,0.0,4,168,9109,i.l.c.p.CommandHandler,3335,599,-6.768257
2025-07-04 20:10:00,15748,0,0,0.3187706375412751,0.0,51,10,117.93599187198375,0,0.0,4,316,11272,i.l.c.p.CommandHandler,4119,599,-7.835745
2025-07-04 20:20:00,3675,0,0,0.23265306122448978,0.0,19,9,95.08625850340137,0,0.0,4,46,2600,o.h.t.d.s.BasicBinder,1029,752,-3.6137724
2025-07-04 20:40:00,6786,1,12,0.15045682287061599,0.0017683465959328027,74,11,88.52770409666961,9,0.001326259946949602,6,83,4145,o.h.t.d.s.BasicExtractor,1491,188,-6.250427
2025-07-04 20:50:00,176943,0,6,0.24027511684553782,3.3909225004662515e-05,85,14,104.74730280372775,4,2.2606150003108347e-05,5,532,97642,o.h.t.d.s.BasicExtractor,73691,188,-50.094482
2025-07-04 21:00:00,10327,3,0,0.2973758109809238,0.0,26,8,113.72053839449985,3,0.0002905006294180304,4,194,7225,i.l.c.p.CommandHandler,2522,599,-5.6967874
2025-07-07 08:40:00,5627,0,0,0.16172027723476098,0.0,24,6,85.43131331082282,0,0.0,4,28,3003,o.h.t.d.s.BasicExtractor,1534,188,-4.6570125
2025-07-07 08:50:00,24159,0,0,0.40626681567945694,0.0,47,10,134.5265532513763,0,0.0,4,614,20865,i.l.c.p.CommandHandler,7929,599,-12.858122
2025-07-07 09:00:00,10759,0,0,0.37689376336090713,0.0,45,10,129.8095547913375,0,0.0,4,316,9375,i.l.c.p.CommandHandler,3299,599,-7.240503
2025-07-07 09:10:00,8599,2,0,0.3482963135248285,0.0,50,12,124.73427142691011,2,0.00023258518432375856,4,278,7259,i.l.c.p.CommandHandler,2443,599,-6.258352
2025-07-07 09:20:00,3350,1,0,0.21104477611940298,0.0,22,10,90.72358208955224,1,0.00029850746268656717,4,50,2282,o.h.t.d.s.BasicBinder,1017,752,-3.3383756
2025-07-07 09:30:00,4742,6,0,0.21024884015183468,0.0,40,9,97.99789118515395,6,0.0012652889076339097,4,234,3473,o.h.t.d.s.BasicBinder,1029,752,-4.0393944
2025-07-07 09:50:00,7041,5,0,0.1945746342849027,0.0,43,9,95.33006675188183,5,0.0007101264024996449,4,218,4371,o.h.t.d.s.BasicExtractor,1331,188,-5.1012
2025-07-07 10:00:00,6602,0,6,0.24992426537412904,0.0009088155104513784,81,14,110.01529839442593,4,0.0006058770069675856,5,287,5333,i.l.c.p.CommandHandler,1350,599,-6.5530186
2025-07-07 10:10:00,4780,0,0,0.13493723849372385,0.0,19,6,79.45230125523013,0,0.0,4,16,2414,o.h.t.d.s.BasicExtractor,1311,188,-4.614841
2025-07-07 10:20:00,15002,1,0,0.2354352752966271,0.0,32,8,101.77129716037862,1,6.665777896280495e-05,4,108,8533,o.h.t.d.s.BasicExtractor,5111,188,-5.8722606
2025-07-07 10:30:00,3643,0,0,0.2443041449354927,0.0,24,8,98.1954433159484,0,0.0,4,30,2648,o.h.t.d.s.BasicBinder,965,752,-3.8673952
2025-07-07 10:40:00,11438,0,0,0.28894911697849274,0.0,30,8,111.33616016786151,0,0.0,4,96,7807,i.l.c.p.CommandHandler,2682,599,-5.8755836
2025-07-07 10:50:00,20495,0,0,0.4342522566479629,0.0,41,10,141.49412051719932,0,0.0,4,434,19013,i.l.c.p.CommandHandler,7195,599,-12.054372
2025-07-07 11:00:00,14639,0,6,0.3942209167292848,0.000409864061752852,91,14,133.97937017555844,5,0.0003415533847940433,5,399,13161,i.l.c.p.CommandHandler,4677,599,-10.391102
2025-07-07 11:10:00,64433,1,0,0.445144568776869,0.0,71,14,143.2237362842022,0,0.0,4,1656,58718,i.l.c.p.CommandHandler,22887,599,-32.015816
2025-07-07 11:20:00,57021,0,0,0.44764209677136496,0.0,56,11,142.47289595061469,0,0.0,4,1374,51751,i.l.c.p.CommandHandler,20538,599,-28.334951
2025-07-07 12:30:00,7134,0,0,0.3511354079058032,0.0,28,10,120.79857022708158,0,0.0,4,134,5847,i.l.c.p.CommandHandler,2059,599,-5.5822678
2025-07-07 12:40:00,15627,0,0,0.3449158507711013,0.0,32,11,121.67818519229539,0,0.0,4,332,11597,i.l.c.p.CommandHandler,4382,599,-7.8400526
2025-07-07 12:50:00,4321,0,0,0.2684563758389262,0.0,25,9,103.42119879657487,0,0.0,4,66,3225,o.h.t.d.s.BasicBinder,1017,752,-4.1074133
2025-07-07 13:00:00,10288,0,0,0.3931765163297045,0.0,32,10,129.8270800933126,0,0.0,4,206,8858,i.l.c.p.CommandHandler,3261,599,-6.9224334
2025-07-07 13:10:00,32170,0,0,0.45741373950885916,0.0,40,10,144.46956792042275,0,0.0,4,636,30046,i.l.c.p.CommandHandler,11889,599,-17.393099
2025-07-07 13:20:00,36409,2,0,0.4411546595621962,0.0,58,13,141.33403828723667,0,0.0,4,1060,32978,i.l.c.p.CommandHandler,13064,599,-18.917547
2025-07-07 13:30:00,10254,0,0,0.23698069046225864,0.0,39,9,102.09108640530525,0,0.0,4,122,6364,o.h.t.d.s.BasicExtractor,2622,188,-5.402427
2025-07-07 13:40:00,30340,0,0,0.2059986816084377,0.0,19,6,97.47142386288728,0,0.0,4,68,15442,o.h.t.d.s.BasicExtractor,13110,188,-9.488705
2025-07-07 14:00:00,4756,0,0,0.1314129520605551,0.0,19,6,78.75252312867956,0,0.0,4,14,2377,o.h.t.d.s.BasicExtractor,1324,188,-4.6038804
2025-07-07 14:10:00,30341,0,0,0.2059918921591246,0.0,19,6,97.46995814244751,0,0.0,4,68,15440,o.h.t.d.s.BasicExtractor,13110,188,-9.487799
2025-07-07 14:20:00,16119,0,0,0.19387058750542838,0.0,19,6,94.41323903467958,0,0.0,4,38,8186,o.h.t.d.s.BasicExtractor,6555,188,-5.81267
2025-07-07 14:30:00,7576,0,0,0.16499472016895458,0.0,19,6,87.15628299894404,0,0.0,4,20,3822,o.h.t.d.s.BasicExtractor,2622,188,-4.6901016
2025-07-07 14:40:00,57318,0,0,0.22471125998813637,0.0,25,7,101.46627586447538,0,0.0,4,124,30528,o.h.t.d.s.BasicExtractor,24298,188,-16.757874
2025-07-07 14:50:00,34244,0,0,0.2112778880971849,0.0,19,6,98.59665926877702,0,0.0,4,82,17665,o.h.t.d.s.BasicExtractor,14676,188,-10.610905
2025-07-07 15:00:00,47424,0,0,0.21086369770580296,0.0,19,6,98.7026189271255,0,0.0,4,104,24153,o.h.t.d.s.BasicExtractor,20986,188,-13.762262
2025-07-07 15:10:00,27330,0,0,0.2885107939992682,0.0,31,10,112.67844859129163,0,0.0,4,230,17723,o.h.t.d.s.BasicExtractor,7866,188,-10.302371
2025-07-07 15:20:00,41258,0,0,0.2846720635997867,0.0,31,11,111.73731155169907,0,0.0,4,256,25799,o.h.t.d.s.BasicExtractor,13110,188,-14.22416
2025-07-07 15:40:00,31845,0,0,0.21683152771235673,0.0,40,9,99.77249175694772,0,0.0,4,130,16887,o.h.t.d.s.BasicExtractor,13110,188,-9.834499
2025-07-07 15:50:00,16980,0,0,0.24528857479387514,0.0,47,11,104.83987043580683,0,0.0,4,184,10259,o.h.t.d.s.BasicExtractor,5254,188,-6.691617
2025-07-07 16:00:00,38119,0,0,0.22062488522783913,0.0,41,9,100.53440541462263,0,0.0,4,166,20320,o.h.t.d.s.BasicExtractor,15745,188,-11.429106
2025-07-07 16:10:00,47542,0,0,0.2114972024736023,0.0,24,6,98.83578730385764,0,0.0,4,114,24273,o.h.t.d.s.BasicExtractor,20976,188,-13.702264
2025-07-07 16:20:00,2980,0,0,0.1610738255033557,0.0,25,8,83.34093959731544,0,0.0,4,56,1966,o.h.t.d.s.BasicBinder,958,752,-2.9785197
2025-07-07 16:30:00,4732,0,7,0.2364750633981403,0.0014792899408284023,79,15,101.92561284868977,4,0.0008453085376162299,5,171,3580,o.h.t.d.s.BasicBinder,974,752,-5.905844
2025-07-07 16:40:00,7030,0,0,0.23271692745376957,0.0,50,9,100.54110953058321,0,0.0,4,102,4577,o.h.t.d.s.BasicExtractor,1311,188,-5.614441
2025-07-07 16:50:00,6845,0,0,0.3476990504017531,0.0,36,9,120.56026296566837,0,0.0,4,156,5654,i.l.c.p.CommandHandler,1919,599,-5.5575166
2025-07-07 17:00:00,21210,0,0,0.4530881659594531,0.0,29,9,142.80768505421972,0,0.0,4,300,19574,i.l.c.p.CommandHandler,7794,599,-12.435208
2025-07-07 17:10:00,64676,0,6,0.3540726080771847,9.277011565341085e-05,76,14,125.42239779825591,4,6.184674376894056e-05,5,602,48258,i.l.c.p.CommandHandler,18473,599,-26.500996
2025-07-07 17:20:00,33635,0,0,0.4621673851642634,0.0,30,10,145.22247658688866,0,0.0,4,472,31149,i.l.c.p.CommandHandler,12544,599,-18.052229
2025-07-07 17:30:00,36472,1,0,0.4110550559333187,0.0,32,10,134.62598705856547,1,2.741829348541347e-05,4,622,30624,i.l.c.p.CommandHandler,12154,599,-17.55626
2025-07-07 17:40:00,39953,0,6,0.45613595975270943,0.00015017645733737142,66,14,143.93640027031762,4,0.00010011763822491427,5,764,37013,i.l.c.p.CommandHandler,14823,599,-20.790684
2025-07-07 17:50:00,115566,3,0,0.29253413633767716,0.0,65,10,113.46533582541578,3,2.5959192149940294e-05,4,1236,72500,o.h.t.d.s.BasicExtractor,37936,188,-37.330666
2025-07-07 18:00:00,63198,1,6,0.2873666888192664,9.493971328206589e-05,71,14,112.5905408399,5,7.91164277350549e-05,5,456,40361,o.h.t.d.s.BasicExtractor,19458,188,-21.389217
2025-07-07 18:10:00,82401,0,0,0.2683219863836604,0.0,33,9,109.27943835633063,0,0.0,4,488,49615,o.h.t.d.s.BasicExtractor,28970,188,-26.055578
2025-07-07 18:20:00,25951,0,0,0.2981002658857077,0.0,43,10,114.11490886671034,0,0.0,4,248,17403,o.h.t.d.s.BasicExtractor,6676,188,-10.167719
2025-07-07 18:50:00,9209,0,0,0.21185796503420568,0.0,30,10,97.26365511999131,1,0.0001085894233901618,4,88,5311,o.h.t.d.s.BasicExtractor,2631,188,-4.916389
2025-07-07 19:00:00,4747,0,0,0.28333684432273015,0.0,29,10,107.0170634084685,0,0.0,4,88,3627,i.l.c.p.CommandHandler,1094,599,-4.5469637
2025-07-07 19:40:00,25890,0,6,0.4555813055233681,0.0002317497103128621,74,14,143.11363460795673,4,0.0001544998068752414,5,503,23939,i.l.c.p.CommandHandler,9414,599,-14.620065
2025-07-07 19:50:00,62282,0,0,0.486336341157959,0.0,31,10,149.87131113323272,0,0.0,4,1100,59264,i.l.c.p.CommandHandler,24147,599,-32.3859
2025-07-07 21:00:00,6827,0,0,0.20799765636443532,0.0,24,8,94.21341731360774,0,0.0,4,72,3929,o.h.t.d.s.BasicExtractor,1744,188,-4.837297
2025-07-07 21:10:00,49423,0,0,0.22368128199421322,0.0,20,7,101.0434210792546,0,0.0,4,60,26298,o.h.t.d.s.BasicExtractor,20954,188,-14.841949
2025-07-08 08:40:00,21024,0,0,0.2675513698630137,0.0,31,10,108.67841514459666,0,0.0,4,138,13126,o.h.t.d.s.BasicExtractor,6362,188,-7.9451694
2025-07-08 08:50:00,18071,0,0,0.26727906590670136,0.0,38,9,108.57761053621824,0,0.0,4,148,11384,o.h.t.d.s.BasicExtractor,5244,188,-7.1901383
2025-07-08 09:00:00,45439,0,0,0.2283280882061665,0.0,48,10,102.80177820814718,0,0.0,4,442,25485,o.h.t.d.s.BasicExtractor,17525,188,-13.6271
2025-07-08 09:10:00,54451,0,0,0.30734054470992267,0.0,59,10,117.70468861912545,0,0.0,4,686,37407,o.h.t.d.s.BasicExtractor,14267,188,-20.04513
2025-07-08 09:20:00,40519,0,0,0.2572867050025914,0.0,32,10,107.10335891803845,0,0.0,4,264,23875,o.h.t.d.s.BasicExtractor,14421,188,-13.145406
2025-07-08 09:30:00,5047,0,0,0.12383594214384783,0.0,28,9,80.79076679215376,0,0.0,4,76,2624,o.h.t.d.s.BasicExtractor,1311,188,-4.4120417
2025-07-08 09:40:00,31565,0,0,0.3332805322350705,0.0,50,9,121.21425629653096,0,0.0,4,548,23408,i.l.c.p.CommandHandler,8563,599,-13.801048
2025-07-08 09:50:00,22785,10,4,0.4140882159315339,0.00017555409260478386,47,10,136.31481237656354,10,0.00043888523151195964,4,724,20294,i.l.c.p.CommandHandler,7629,599,-12.724457
2025-07-08 10:00:00,64264,2,1,0.27472612971492594,1.5560811651935766e-05,60,14,111.19517926055023,2,3.112162330387153e-05,4,676,39999,o.h.t.d.s.BasicExtractor,20989,188,-20.921457
2025-07-08 10:10:00,57790,0,6,0.24805329641806542,0.00010382419103651151,98,13,106.61405087385361,4,6.921612735767434e-05,5,572,34033,o.h.t.d.s.BasicExtractor,20989,188,-18.394175
2025-07-08 10:20:00,25442,0,0,0.2346513638864869,0.0,40,10,102.9940649320022,0,0.0,4,220,14495,o.h.t.d.s.BasicExtractor,9177,188,-8.475784
2025-07-08 10:30:00,40311,0,0,0.3487881719629878,0.0,49,10,124.76351368112923,0,0.0,4,604,30142,i.l.c.p.CommandHandler,11247,599,-17.133585
2025-07-08 10:40:00,13279,0,6,0.3354168235559907,0.00045184125310640863,77,14,121.40869041343474,4,0.00030122750207093907,5,258,10461,i.l.c.p.CommandHandler,3615,599,-8.326162
2025-07-08 10:50:00,16787,0,0,0.2836123190564127,0.0,42,10,110.48078870554596,0,0.0,4,210,11084,o.h.t.d.s.BasicExtractor,3933,188,-7.148262
2025-07-08 11:00:00,3941,0,0,0.23471200202994164,0.0,19,10,94.68079167723928,0,0.0,4,83,2725,o.h.t.d.s.BasicBinder,1133,752,-3.697099
2025-07-08 11:10:00,8938,0,0,0.38543298277019467,0.0,21,11,126.70261803535466,0,0.0,4,188,7525,i.l.c.p.CommandHandler,2767,599,-6.3934093
2025-07-08 11:20:00,7155,0,0,0.23549965059399022,0.0,30,9,102.39231306778477,0,0.0,4,100,4671,i.l.c.p.CommandHandler,1368,599,-4.467712
2025-07-08 11:30:00,5659,0,8,0.22212405018554515,0.0014136773281498499,72,10,114.1896094716381,4,0.0007068386640749249,5,133,4551,i.l.c.p.CommandHandler,1051,599,-5.8948135
2025-07-08 12:50:00,9008,0,0,0.3025088809946714,0.0,27,6,132.6873889875666,0,0.0,4,196,7828,i.l.c.p.CommandHandler,2276,599,-6.3726482
2025-07-08 13:00:00,3137,0,6,0.14663691424928274,0.001912655403251514,59,10,83.71692700031878,5,0.0015938795027095952,5,66,2100,o.h.t.d.s.BasicBinder,965,752,-4.2773623
2025-07-08 13:10:00,25265,0,0,0.3643775974668514,0.0,62,10,126.57490599643776,0,0.0,4,556,19878,i.l.c.p.CommandHandler,7326,599,-12.4304285
2025-07-08 13:20:00,53412,0,0,0.26070920392421176,0.0,40,10,107.86422526773009,0,0.0,4,380,31552,o.h.t.d.s.BasicExtractor,19370,188,-16.801971
2025-07-08 13:30:00,8709,0,0,0.3071535193478011,0.0,41,10,126.37581811918704,0,0.0,4,244,7446,i.l.c.p.CommandHandler,2233,599,-6.1476493
2025-07-08 13:40:00,12224,0,0,0.21392342931937172,0.0,26,9,97.23560209424083,0,0.0,4,86,6772,o.h.t.d.s.BasicExtractor,4065,188,-5.197984
2025-07-08 13:50:00,7094,0,0,0.26360304482661406,0.0,41,10,112.00380603326755,0,0.0,4,172,5321,i.l.c.p.CommandHandler,1545,599,-5.07006
2025-07-08 14:20:00,7618,0,0,0.2756629036492518,0.0,29,8,111.02375951693358,0,0.0,4,82,5097,i.l.c.p.CommandHandler,1703,599,-4.93637
2025-07-08 14:30:00,3961,0,0,0.0,0.0,10,4,62.24791719262812,0,0.0,4,8,923,o.h.t.d.s.BasicExtractor,2068,188,-4.750303
2025-07-08 14:40:00,10956,0,0,0.1633807959109164,0.0,30,6,96.99059875867104,0,0.0,4,112,5460,o.h.t.d.s.BasicExtractor,4325,188,-4.8241405
2025-07-08 14:50:00,5032,0,0,0.008942766295707472,0.0,25,9,67.47615262321145,0,0.0,4,50,1138,o.h.t.d.s.BasicExtractor,2884,188,-4.287198
2025-07-08 15:00:00,18539,0,0,0.17422730460111116,0.0,31,9,93.87933545498679,0,0.0,4,84,8309,o.h.t.d.s.BasicExtractor,8849,188,-5.6803236
2025-07-08 15:10:00,15533,0,0,0.1609476598210262,0.0,28,9,90.83596214511041,0,0.0,4,46,6789,o.h.t.d.s.BasicExtractor,7432,188,-5.1025577
2025-07-08 15:20:00,25176,0,0,0.21091515729265967,0.0,19,7,99.28189545598983,0,0.0,4,80,12997,o.h.t.d.s.BasicExtractor,10571,188,-8.09318
2025-07-08 15:30:00,10683,0,0,0.24665356173359543,0.0,42,10,113.31348872039689,0,0.0,4,154,7005,o.h.t.d.s.BasicExtractor,2429,188,-5.78293
2025-07-08 15:40:00,5362,0,0,0.3039910481163745,0.0,19,11,109.20346885490488,0,0.0,4,114,4046,i.l.c.p.CommandHandler,1320,599,-4.741998
2025-07-08 15:50:00,11852,0,0,0.3400269996625042,0.0,41,11,120.92254471819102,0,0.0,4,232,9086,i.l.c.p.CommandHandler,3247,599,-6.7248793
2025-07-08 16:00:00,22099,0,0,0.25996651432191503,0.0,28,10,107.24955880356578,0,0.0,4,170,13532,o.h.t.d.s.BasicExtractor,6973,188,-8.099687
2025-07-08 16:10:00,10856,0,0,0.30766396462785556,0.0,51,11,116.05978260869566,0,0.0,4,270,8098,i.l.c.p.CommandHandler,2724,599,-6.453213
2025-07-08 16:50:00,8864,0,0,0.23973375451263537,0.0,30,7,108.84329873646209,0,0.0,4,146,5991,i.l.c.p.CommandHandler,1759,599,-5.0327854
2025-07-08 17:00:00,26488,0,0,0.2520009060706735,0.0,44,11,108.99441256418001,0,0.0,4,244,16447,o.h.t.d.s.BasicExtractor,8349,188,-9.51878
2025-07-08 17:10:00,14901,0,0,0.2499832226025099,0.0,34,9,110.1783101805248,0,0.0,4,198,9562,o.h.t.d.s.BasicExtractor,3943,188,-6.3681917
2025-07-08 17:20:00,5914,0,0,0.17923571187013865,0.0,27,6,92.4989854582347,0,0.0,4,44,3519,o.h.t.d.s.BasicExtractor,1311,188,-4.827853
2025-07-08 17:40:00,11617,0,0,0.22553154859257984,0.0,45,11,104.66988034776621,0,0.0,4,243,7747,o.h.t.d.s.BasicExtractor,2483,188,-5.8166347
2025-07-08 17:50:00,20649,0,6,0.2433047605210906,0.0002905709719599012,63,12,103.60085234151775,4,0.0001937139813066008,5,169,12108,o.h.t.d.s.BasicExtractor,6998,188,-7.6864734
2025-07-09 09:00:00,12459,0,0,0.41897423549241514,0.0,28,11,134.17842523477003,0,0.0,4,246,10863,i.l.c.p.CommandHandler,4176,599,-7.9051538
2025-07-09 09:10:00,5759,1,0,0.26688661225907273,0.0,28,7,126.08265323840945,1,0.00017364125716270185,4,140,4628,i.l.c.p.CommandHandler,1290,599,-5.1865206
2025-07-09 09:20:00,7114,0,0,0.31698060163058756,0.0,36,10,116.76595445600225,0,0.0,4,248,5819,i.l.c.p.CommandHandler,1790,599,-5.404004
2025-07-09 09:30:00,10835,1,0,0.3859713890170743,0.0,40,11,129.82796492847254,1,9.229349330872173e-05,4,282,9432,i.l.c.p.CommandHandler,3359,599,-7.163976
2025-07-09 09:40:00,17249,386,310,0.32778711809380257,0.017972056351092818,56,124,111.16192243028581,423,0.02452316076294278,4,542,11665,i.l.c.p.CommandHandler,3899,599,-16.42309
2025-07-09 09:50:00,4299,0,0,0.20702488950918818,0.0,39,12,93.94394045126774,0,0.0,4,188,3074,o.h.t.d.s.BasicBinder,1037,752,-3.701489
2025-07-09 10:00:00,5429,0,0,0.2597163381838276,0.0,39,11,108.81617240744151,0,0.0,4,204,4265,i.l.c.p.CommandHandler,1127,599,-4.639314
2025-07-09 10:10:00,15734,0,0,0.3273166391254608,0.0,51,11,123.6508834371425,0,0.0,4,618,12749,i.l.c.p.CommandHandler,4025,599,-8.873386
2025-07-09 10:20:00,13942,116,92,0.32541959546693444,0.006598766317601492,64,65,117.9889542389901,136,0.009754698034715249,4,424,10413,i.l.c.p.CommandHandler,3439,599,-8.834067
2025-07-09 10:30:00,5291,0,0,0.24286524286524286,0.0,33,9,118.91287091287091,0,0.0,4,132,4191,i.l.c.p.CommandHandler,1074,599,-4.7684946
2025-07-09 10:40:00,11147,0,0,0.15340450345384407,0.0,43,13,100.71427289853773,0,0.0,4,280,8414,o.e.c.RestClient,3001,547,-5.5935364
2025-07-09 10:50:00,15889,0,0,0.3310466360375102,0.0,52,15,125.64107244005287,0,0.0,4,482,12996,i.l.c.p.CommandHandler,4282,599,-8.762971
2025-07-09 11:00:00,5639,0,0,0.15960276644795177,0.0,38,11,101.73133534314594,0,0.0,4,177,4490,o.e.c.RestClient,1119,547,-4.2534065
2025-07-09 11:10:00,30405,0,0,0.30143068574247656,0.0,46,12,114.89988488735405,0,0.0,4,236,20393,o.h.t.d.s.BasicExtractor,8150,188,-11.63337
2025-07-09 11:20:00,15680,0,0,0.2531887755102041,0.0,38,13,118.00089285714286,0,0.0,4,274,11528,i.l.c.p.CommandHandler,3277,599,-7.501051
2025-07-09 11:30:00,5194,0,0,0.27242972660762416,0.0,22,11,103.8430881786677,0,0.0,4,166,3946,i.l.c.p.CommandHandler,1140,599,-4.5130534
2025-07-09 12:10:00,3372,0,0,0.0,0.0,18,7,66.2138196915777,0,0.0,4,302,2094,o.h.t.d.s.BasicBinder,963,752,-3.055484
2025-07-09 12:30:00,17665,0,0,0.41636003396546845,0.0,31,14,136.8273988112086,0,0.0,4,538,15918,i.l.c.p.CommandHandler,5918,599,-10.416476
2025-07-09 12:40:00,9063,4,0,0.3335540108131965,0.0,40,15,119.90764647467726,4,0.00044135495972635994,4,352,7363,i.l.c.p.CommandHandler,2445,599,-5.926438
2025-07-09 12:50:00,11413,0,0,0.37457285551564007,0.0,24,13,127.26802768772453,0,0.0,4,376,9581,i.l.c.p.CommandHandler,3487,599,-7.1734314
2025-07-09 13:00:00,21952,41,6,0.38497631195335275,0.00027332361516034986,85,18,131.8702168367347,45,0.0020499271137026237,5,939,18960,i.l.c.p.CommandHandler,6612,599,-12.877312
2025-07-09 13:10:00,21955,177,98,0.4037804600318834,0.00446367570029606,65,86,131.3665224322478,189,0.008608517421999544,4,722,18413,i.l.c.p.CommandHandler,6818,599,-13.9637375
2025-07-09 13:20:00,5554,5,0,0.2835794022326251,0.0,30,14,106.87504501260354,5,0.0009002520705797623,4,190,4170,i.l.c.p.CommandHandler,1270,599,-4.4752765
2025-07-09 13:30:00,5538,6,0,0.27663416395810764,0.0,48,10,110.79306608884073,6,0.0010834236186348862,4,162,4343,i.l.c.p.CommandHandler,1241,599,-5.0006185
2025-07-09 13:40:00,6218,102,92,0.33113541331617885,0.014795754261820521,39,41,112.1252814409778,120,0.01929880990672242,4,154,4704,i.l.c.p.CommandHandler,1480,599,-5.512292
2025-07-09 14:10:00,6892,0,0,0.3300928612884504,0.0,34,13,120.97475333720256,0,0.0,4,172,5728,i.l.c.p.CommandHandler,1837,599,-5.2134457
2025-07-09 14:20:00,3776,85,70,0.23702330508474576,0.018538135593220338,32,25,88.86546610169492,83,0.02198093220338983,4,74,2387,o.h.t.d.s.BasicBinder,1050,752,-3.6421707
2025-07-09 14:30:00,12877,167,145,0.40366545002718024,0.011260386736041003,47,52,128.7210530403044,180,0.013978411120602625,4,398,10674,i.l.c.p.CommandHandler,3854,599,-9.090068
2025-07-09 14:40:00,11820,0,0,0.3291032148900169,0.0,38,17,120.35837563451777,0,0.0,4,260,9128,i.l.c.p.CommandHandler,3126,599,-6.534349
2025-07-09 15:20:00,5167,0,5,0.29785175149990323,0.0009676795045480937,44,17,112.0280627056319,4,0.000774143603638475,4,118,4080,i.l.c.p.CommandHandler,1260,599,-4.684091
2025-07-09 15:30:00,2481,0,0,0.18540910923014914,0.0,32,9,88.90971382507054,0,0.0,3,52,1709,o.h.t.d.s.BasicBinder,720,752,-3.7808974
2025-07-09 15:40:00,2688,0,0,0.13950892857142858,0.0,37,9,84.6781994047619,0,0.0,3,124,1832,o.h.t.d.s.BasicBinder,722,752,-3.8192062
2025-07-09 15:50:00,7114,0,0,0.33103739105988195,0.0,37,10,122.78254146752882,0,0.0,3,280,6114,i.l.c.p.CommandHandler,1943,599,-6.099317
2025-07-09 16:00:00,2385,2,0,0.0016771488469601676,0.0,30,8,64.02473794549266,2,0.0008385744234800838,3,194,1443,o.h.t.d.s.BasicBinder,742,752,-2.9570594
2025-07-09 16:20:00,2880,0,0,0.19270833333333334,0.0,36,9,93.6295138888889,0,0.0,3,92,2068,o.h.t.d.s.BasicBinder,720,752,-4.0866003
2025-07-09 16:30:00,4051,2,0,0.28610219698839795,0.0,36,12,110.56800789928413,2,0.0004937052579609973,3,104,3188,i.l.c.p.CommandHandler,941,599,-4.9524846
2025-07-09 16:40:00,4242,0,0,0.28642149929278643,0.0,33,9,111.36798679867987,0,0.0,3,124,3376,i.l.c.p.CommandHandler,975,599,-5.0678377
2025-07-09 16:50:00,10470,0,0,0.29703915950334286,0.0,31,11,112.71824259789877,0,0.0,3,188,7140,i.l.c.p.CommandHandler,2558,599,-5.9558687
2025-07-09 17:00:00,5317,4,0,0.1924017302990408,0.0,35,10,92.37934925709988,4,0.0007523039307880384,3,84,3079,o.h.t.d.s.BasicExtractor,1311,188,-5.2510962
2025-07-09 17:20:00,3074,1,0,0.2283669486011711,0.0,24,9,101.20722186076773,1,0.00032530904359141186,3,76,2269,o.h.t.d.s.BasicBinder,728,752,-4.0091014
2025-07-09 17:30:00,29801,0,0,0.2763330089594309,0.0,52,13,111.31445253514983,0,0.0,3,284,18794,o.h.t.d.s.BasicExtractor,9433,188,-10.940445
2025-07-09 17:40:00,13454,0,6,0.22372528616024975,0.0004459640255686041,89,15,102.14828303850156,4,0.0002973093503790694,4,167,7979,o.h.t.d.s.BasicExtractor,4369,188,-8.131197
2025-07-09 17:50:00,27480,0,0,0.19959970887918485,0.0,30,10,95.19403202328967,0,0.0,3,130,13393,o.h.t.d.s.BasicExtractor,11241,188,-8.304756
2025-07-09 18:00:00,4563,0,0,0.29366644751260135,0.0,29,9,115.33859303090073,0,0.0,3,140,3701,i.l.c.p.CommandHandler,1110,599,-5.1673555
2025-07-09 18:10:00,11487,2,0,0.37294332723948814,0.0,41,9,134.3214938626273,2,0.0001741098633237573,3,434,10292,i.l.c.p.CommandHandler,3544,599,-7.9958296
2025-07-09 18:20:00,6900,0,0,0.25217391304347825,0.0,42,10,106.47217391304348,0,0.0,3,128,4664,i.l.c.p.CommandHandler,1437,599,-5.266887
2025-07-09 18:30:00,2361,0,0,0.17577297755188478,0.0,30,8,87.18509106310886,0,0.0,3,44,1597,o.h.t.d.s.BasicBinder,720,752,-3.547682
2025-07-10 09:00:00,3361,0,0,0.19934543290687295,0.0,36,12,97.99464445105623,0,0.0,3,152,2475,o.h.t.d.s.BasicBinder,734,752,-4.1177387
2025-07-10 09:20:00,8274,0,0,0.34686971235194586,0.0,51,14,126.66509547981629,0,0.0,3,308,7098,i.l.c.p.CommandHandler,2361,599,-6.460313
2025-07-10 09:30:00,66715,0,0,0.27797346923480476,0.0,53,14,112.7508956006895,0,0.0,3,492,41493,o.h.t.d.s.BasicExtractor,22629,188,-21.913631
2025-07-10 09:40:00,37369,0,0,0.30519949690920284,0.0,39,13,116.83687013299794,0,0.0,3,322,24781,o.h.t.d.s.BasicExtractor,10863,188,-13.8492155
2025-07-10 09:50:00,87508,0,0,0.23837820542121863,0.0,51,13,104.87669698770398,0,0.0,3,374,48418,o.h.t.d.s.BasicExtractor,36001,188,-25.252321
2025-07-10 10:00:00,95212,0,0,0.22381632567323448,0.0,40,14,102.94801075494685,0,0.0,3,368,50098,o.h.t.d.s.BasicExtractor,41621,188,-26.070717
2025-07-10 10:10:00,28620,0,0,0.21680642907058,0.0,26,7,100.60244584206848,0,0.0,3,114,15087,o.h.t.d.s.BasicExtractor,11996,188,-9.290056
2025-07-10 10:20:00,28103,0,0,0.2540654022702203,0.0,35,11,106.32629968330784,0,0.0,3,158,16400,o.h.t.d.s.BasicExtractor,10168,188,-9.770684
2025-07-10 10:30:00,19121,0,0,0.29731708592646827,0.0,34,14,111.96522148423199,0,0.0,3,118,12521,o.h.t.d.s.BasicExtractor,5285,188,-8.008467
2025-07-10 10:40:00,25312,0,0,0.24593078381795197,0.0,24,6,103.99012326169405,0,0.0,3,112,14332,o.h.t.d.s.BasicExtractor,9637,188,-8.915414
2025-07-10 10:50:00,44033,0,0,0.24106919810142394,0.0,43,10,103.99257375150455,0,0.0,3,180,24419,o.h.t.d.s.BasicExtractor,17757,188,-13.574793
2025-07-10 11:00:00,27763,0,0,0.24817202751863993,0.0,32,10,105.03749594784425,0,0.0,3,135,15885,o.h.t.d.s.BasicExtractor,10444,188,-9.550328
2025-07-10 11:10:00,6306,0,0,0.2465905486837932,0.0,31,10,103.81477957500793,0,0.0,3,72,4031,o.h.t.d.s.BasicExtractor,1392,188,-5.550792
2025-07-10 11:20:00,45668,0,0,0.2661601121135149,0.0,31,7,107.32125339406149,0,0.0,3,146,27007,o.h.t.d.s.BasicExtractor,16678,188,-15.082375
2025-07-10 11:30:00,7802,0,0,0.20123045372981288,0.0,26,6,95.68854139964112,0,0.0,3,50,4258,o.h.t.d.s.BasicExtractor,2622,188,-5.321028
2025-07-10 12:50:00,2734,0,0,0.22494513533284566,0.0,34,10,95.51097293343086,0,0.0,3,64,1950,o.h.t.d.s.BasicBinder,720,752,-3.9882174
2025-07-10 13:00:00,6841,0,0,0.26531208887589536,0.0,38,12,106.8875895336939,0,0.0,3,126,4594,i.l.c.p.CommandHandler,1469,599,-5.054251
2025-07-10 13:20:00,19957,0,0,0.24327303702961367,0.0,33,9,104.49055469258907,0,0.0,3,138,11539,o.h.t.d.s.BasicExtractor,7157,188,-7.418961
2025-07-10 13:30:00,31759,0,0,0.23426430303221135,0.0,28,6,102.95002991278064,0,0.0,3,94,17480,o.h.t.d.s.BasicExtractor,12758,188,-10.526731
2025-07-10 13:40:00,3939,0,0,0.17212490479817213,0.0,19,10,88.27494287890327,0,0.0,3,20,2028,o.h.t.d.s.BasicExtractor,1311,188,-5.549277
2025-07-10 13:50:00,1719,0,0,0.18615474112856312,0.0,22,7,94.79290285049447,0,0.0,2,36,1203,o.h.t.d.s.BasicBinder,480,752,-3.6703289
2025-07-10 14:10:00,4490,0,6,0.33207126948775056,0.0013363028953229399,57,14,124.50489977728284,4,0.0008908685968819599,2,169,3796,i.l.c.p.CommandHandler,1212,599,-6.30053
2025-07-10 14:20:00,5821,0,0,0.4440817728912558,0.0,26,10,141.2257344098952,0,0.0,1,110,5336,i.l.c.p.CommandHandler,2100,599,-7.363837
2025-07-10 14:50:00,5119,0,0,0.42586442664582924,0.0,26,9,136.61242430162142,0,0.0,1,126,4521,i.l.c.p.CommandHandler,1776,599,-6.9140606
2025-07-10 15:10:00,470,0,0,0.0,0.0,7,4,45.638297872340424,0,0.0,1,2,228,o.h.t.d.s.BasicBinder,240,752,-2.955859
2025-07-10 15:20:00,470,0,0,0.0,0.0,7,4,45.638297872340424,0,0.0,1,2,228,o.h.t.d.s.BasicBinder,240,752,-2.955859
2025-07-10 15:30:00,630,0,5,0.16507936507936508,0.007936507936507936,21,11,79.6,4,0.006349206349206349,1,16,399,o.h.t.d.s.BasicBinder,210,752,-3.7036204
