time_window,baseline_error_rate,current_error_rate,multiplier,error_count,total_logs
2025-06-27 09:00:00,0.038911806413538724,0.32313715893796646,8.304347413322251,0,8173
2025-06-27 09:10:00,0.038911806413538724,0.24913705583756346,6.402608328943585,0,14775
2025-06-27 09:20:00,0.038911806413538724,0.2526210805419738,6.492144771106757,0,41109
2025-06-27 09:30:00,0.038911806413538724,0.29196376951243014,7.503218082696005,0,5189
2025-06-27 09:40:00,0.038911806413538724,0.25920994229915667,6.661472858504169,0,11265
2025-06-27 09:50:00,0.038911806413538724,0.31227928564221574,8.025309396419162,0,9911
2025-06-27 10:00:00,0.038911806413538724,0.23797683700844074,6.115800291544435,0,30566
2025-06-27 10:10:00,0.038911806413538724,0.24132739476820778,6.20190674787696,0,79705
2025-06-27 10:30:00,0.038911806413538724,0.22123792780657092,5.685624703601394,0,43799
2025-06-27 10:40:00,0.038911806413538724,0.23467432950191572,6.0309286854455735,0,8352
2025-06-27 10:50:00,0.038911806413538724,0.2661664880314398,6.840250108225033,0,8397
2025-06-27 11:00:00,0.038911806413538724,0.19778560644187218,5.0829201898233105,2,5961
2025-06-27 11:10:00,0.038911806413538724,0.21799424995772027,5.6022649691707125,0,29565
2025-06-27 11:20:00,0.038911806413538724,0.24850740482282702,6.386426838728385,0,12897
2025-06-27 11:30:00,0.038911806413538724,0.31963249516441006,8.214280564810766,0,10340
2025-06-27 11:50:00,0.038911806413538724,0.2517091361093847,6.468708582539788,0,4827
2025-06-27 13:50:00,0.038911806413538724,0.22990486695160622,5.9083575948202345,0,43518
2025-06-27 15:20:00,0.038911806413538724,0.2823812609943524,7.25695584505433,0,10801
2025-06-27 15:30:00,0.038911806413538724,0.2012927054478301,5.173049621715675,0,5415
2025-06-27 15:40:00,0.038911806413538724,0.28393510054844606,7.2968881868628825,0,8752
2025-06-27 15:50:00,0.038911806413538724,0.31262288635469915,8.034139639580628,0,20344
2025-06-27 16:00:00,0.038911806413538724,0.36415682295818536,9.358517543186661,0,13799
2025-06-27 16:10:00,0.038911806413538724,0.24433831458943153,6.2792848009343,3,6491
2025-06-27 16:30:00,0.038911806413538724,0.37432450243838145,9.619818171899142,5,15174
2025-06-27 16:40:00,0.038911806413538724,0.430833268497627,11.072044919192589,0,25706
2025-06-27 16:50:00,0.038911806413538724,0.4357750472589792,11.199044388423932,0,21160
2025-06-27 17:00:00,0.038911806413538724,0.4436729970730379,11.402014914390332,0,29382
2025-06-27 17:10:00,0.038911806413538724,0.44907642772411455,11.540878440633529,0,29505
2025-06-27 17:20:00,0.038911806413538724,0.3225724794139107,8.289835634607725,3,67157
2025-06-27 17:30:00,0.038911806413538724,0.44265502024475684,11.37585378433478,0,21981
2025-06-27 17:40:00,0.038911806413538724,0.4427150330160364,11.377396061006332,0,23322
2025-06-27 17:50:00,0.038911806413538724,0.35179407176287053,9.04080545693889,0,19230
2025-06-27 18:30:00,0.038911806413538724,0.26064473539443284,6.698345808580754,2,9089
2025-06-27 18:50:00,0.038911806413538724,0.3386018637426323,8.701777042785178,4,30369
2025-06-30 08:20:00,0.038911806413538724,0.20644511581067473,5.3054621421750685,0,3972
2025-06-30 09:00:00,0.038911806413538724,0.345957011258956,8.89079801596119,0,9770
2025-06-30 09:10:00,0.038911806413538724,0.2526539278131635,6.492988917760875,0,21666
2025-06-30 09:30:00,0.038911806413538724,0.294746276889134,7.574726132133046,0,43512
2025-06-30 10:10:00,0.038911806413538724,0.24447214824049412,6.2827242108049255,84,88235
2025-06-30 10:20:00,0.038911806413538724,0.33682388210953,8.656084442081765,14,23683
2025-06-30 10:30:00,0.038911806413538724,0.3560870733673744,9.151131910531909,0,14884
2025-06-30 10:40:00,0.038911806413538724,0.20506867866124975,5.270088889779722,0,5169
2025-06-30 10:50:00,0.038911806413538724,0.2652677422547758,6.817153113777834,0,10103
2025-06-30 11:00:00,0.038911806413538724,0.325476306790425,8.364461503827302,0,8188
2025-06-30 11:10:00,0.038911806413538724,0.3267127230857801,8.396236340549478,0,6948
2025-06-30 11:20:00,0.038911806413538724,0.3973483326637204,10.211510831465011,0,12445
2025-06-30 13:00:00,0.038911806413538724,0.32093812683227896,8.247834177151278,0,6481
2025-06-30 13:10:00,0.038911806413538724,0.21793082053668372,5.600634887535272,0,12894
2025-06-30 13:20:00,0.038911806413538724,0.2310879853083135,5.938762720301524,0,42473
2025-06-30 13:30:00,0.038911806413538724,0.4124898401517204,10.600634567512685,0,14764
2025-06-30 13:40:00,0.038911806413538724,0.3289990518759312,8.454993026524242,7,14766
2025-06-30 14:00:00,0.038911806413538724,0.4119248760734483,10.586115475999227,0,14323
2025-06-30 14:10:00,0.038911806413538724,0.377453447408153,9.700229369891815,0,9935
2025-06-30 14:20:00,0.038911806413538724,0.3215556685307575,8.263704468340423,0,7868
2025-06-30 14:30:00,0.038911806413538724,0.30531789968126155,7.846407756979157,0,5961
2025-06-30 14:50:00,0.038911806413538724,0.4053000779423227,10.41586385466045,0,12830
2025-06-30 15:30:00,0.038911806413538724,0.24195574451637838,6.218054796659192,2,10349
2025-06-30 15:40:00,0.038911806413538724,0.2922649111855173,7.510957165016849,0,17621
2025-06-30 16:10:00,0.038911806413538724,0.31915744567391013,8.202072200967379,2,7501
2025-06-30 16:20:00,0.038911806413538724,0.36163965233732676,9.29382842045339,2,8514
2025-06-30 16:30:00,0.038911806413538724,0.22722734579913698,5.839547601163973,7,118190
2025-06-30 16:40:00,0.038911806413538724,0.23556094917171336,6.053714049362504,4,84874
2025-06-30 16:50:00,0.038911806413538724,0.2717924241766824,6.984831834538443,2,23047
2025-06-30 17:00:00,0.038911806413538724,0.22351388161341015,5.744114761417043,1,238625
2025-06-30 17:10:00,0.038911806413538724,0.24470918432786837,6.2888158346389655,4,132541
2025-06-30 17:20:00,0.038911806413538724,0.23075439997796568,5.930189863857836,0,72614
2025-06-30 17:30:00,0.038911806413538724,0.266457872758536,6.847738445415024,9,97704
2025-06-30 17:40:00,0.038911806413538724,0.31532361364977474,8.103546011168042,2,69481
2025-06-30 17:50:00,0.038911806413538724,0.2903455364908674,7.4616308840868015,1,12647
2025-06-30 18:00:00,0.038911806413538724,0.24294504561850203,6.243478985184643,0,14139
2025-06-30 18:30:00,0.038911806413538724,0.26821890827236916,6.892995545409755,0,28432
2025-06-30 18:40:00,0.038911806413538724,0.295126826504762,7.584505930366612,0,93553
2025-06-30 18:50:00,0.038911806413538724,0.24695993334528618,6.34665815101713,3,94817
2025-06-30 19:00:00,0.038911806413538724,0.2279261280576942,5.857505704962364,0,82088
2025-06-30 19:20:00,0.038911806413538724,0.19613852283174993,5.040591555870476,0,3263
2025-07-01 09:00:00,0.038911806413538724,0.3480845442536328,8.945473786396164,0,7570
2025-07-01 09:10:00,0.038911806413538724,0.23920783266577658,6.147435822525786,0,58422
2025-07-01 09:20:00,0.038911806413538724,0.2638904999420021,6.781759169376051,0,17242
2025-07-01 09:30:00,0.038911806413538724,0.24428848116292146,6.2780041246793745,0,48017
2025-07-01 09:40:00,0.038911806413538724,0.19607843137254902,5.039047256986938,0,3264
2025-07-01 09:50:00,0.038911806413538724,0.34982628489277584,8.990235024685452,0,8347
2025-07-01 10:00:00,0.038911806413538724,0.3413207021454444,8.771648854284171,0,7178
2025-07-01 10:10:00,0.038911806413538724,0.24646842355175688,6.334026771525113,0,101088
2025-07-01 10:20:00,0.038911806413538724,0.3416075650118203,8.77902098353788,0,7614
2025-07-01 10:40:00,0.038911806413538724,0.2816171389080857,7.237318563810023,0,5788
2025-07-01 10:50:00,0.038911806413538724,0.2385223573184506,6.129819694915542,0,15051
2025-07-01 11:00:00,0.038911806413538724,0.3077593089932496,7.909149879152611,0,13777
2025-07-01 11:10:00,0.038911806413538724,0.29533874315908665,7.589952006348602,0,5299
2025-07-01 11:20:00,0.038911806413538724,0.2751263335204941,7.070510440881727,0,19591
2025-07-01 11:30:00,0.038911806413538724,0.2814860490211192,7.233949666319802,0,32435
2025-07-01 13:00:00,0.038911806413538724,0.318019736296542,8.172834047249276,0,12059
2025-07-01 13:10:00,0.038911806413538724,0.4,10.279656404253352,0,16815
2025-07-01 13:30:00,0.038911806413538724,0.2150916784203103,5.527671373937363,0,4254
2025-07-01 13:50:00,0.038911806413538724,0.31370007291582275,8.061822408909702,2,24686
2025-07-01 14:00:00,0.038911806413538724,0.3760594229121036,9.664404137795563,2,10501
2025-07-01 14:10:00,0.038911806413538724,0.30911246612466126,7.943924855082304,0,5904
2025-07-01 14:40:00,0.038911806413538724,0.31306218914247413,8.04542934387002,0,56698
2025-07-01 15:00:00,0.038911806413538724,0.30130942882620737,7.743393499238105,0,42614
2025-07-01 15:10:00,0.038911806413538724,0.21231235019553424,5.45624502597401,0,39635
2025-07-01 15:20:00,0.038911806413538724,0.2668053477935677,6.856668255337977,0,42784
2025-07-01 15:30:00,0.038911806413538724,0.2577002781476783,6.622675786596629,0,126911
2025-07-01 15:40:00,0.038911806413538724,0.20410383957718017,5.245293354105647,0,12866
2025-07-01 15:50:00,0.038911806413538724,0.23522989538274436,6.045206251357685,0,72359
2025-07-01 16:00:00,0.038911806413538724,0.2245508982035928,5.770765196998513,0,17368
2025-07-01 16:10:00,0.038911806413538724,0.29180695847362514,7.499188173697732,0,19602
2025-07-01 16:20:00,0.038911806413538724,0.3845104990455413,9.881589535040378,0,18335
2025-07-01 16:30:00,0.038911806413538724,0.27676027676027676,7.112501378604272,0,63882
2025-07-01 16:50:00,0.038911806413538724,0.25653923541247486,6.5928379856252635,0,13916
2025-07-01 17:00:00,0.038911806413538724,0.3404174090099262,8.748434996620551,0,7858
2025-07-01 17:10:00,0.038911806413538724,0.43124718117422334,11.082682119434526,0,37693
2025-07-01 17:20:00,0.038911806413538724,0.25427581112563213,6.5346699257108005,0,17599
2025-07-01 17:30:00,0.038911806413538724,0.4234142786496968,10.881383252934171,3,38421
2025-07-01 17:40:00,0.038911806413538724,0.2856593694284824,7.3412004159511834,20,150879
2025-07-01 17:50:00,0.038911806413538724,0.34485484334578903,8.862473247343317,2,41748
2025-07-01 18:00:00,0.038911806413538724,0.434932838077139,11.177400335899371,5,23153
2025-07-01 18:10:00,0.038911806413538724,0.2868330885952031,7.371363990323622,0,87849
2025-07-01 18:20:00,0.038911806413538724,0.4063517415074636,10.442890704916753,0,16279
2025-07-01 18:30:00,0.038911806413538724,0.3513188136149721,9.028591730779594,0,9137
2025-07-01 18:40:00,0.038911806413538724,0.4485753627793666,11.528001501962967,5,28323
2025-07-01 18:50:00,0.038911806413538724,0.45264120276310443,11.632490097031717,2,49220
2025-07-01 19:00:00,0.038911806413538724,0.391515251171586,10.061605647672133,26,12163
2025-07-01 19:10:00,0.038911806413538724,0.2837181647012189,7.2913131219347305,3,30273
2025-07-01 19:20:00,0.038911806413538724,0.35796498694264434,9.199392676308554,0,10339
2025-07-01 19:30:00,0.038911806413538724,0.36366624407193504,9.345910087212074,2,21297
2025-07-01 19:40:00,0.038911806413538724,0.2302154967759722,5.9163405144787236,0,65291
2025-07-02 08:50:00,0.038911806413538724,0.2547696603071196,6.547361425463833,0,4298
2025-07-02 09:00:00,0.038911806413538724,0.2457886185813844,6.316556367731781,0,93556
2025-07-02 09:10:00,0.038911806413538724,0.30756710015429223,7.904210277096755,0,58979
2025-07-02 09:20:00,0.038911806413538724,0.32816452731190854,8.433546462076587,0,21346
2025-07-02 09:30:00,0.038911806413538724,0.40807828440557986,10.487261374316349,0,14409
2025-07-02 09:40:00,0.038911806413538724,0.3860395493579138,9.92088481463039,0,12693
2025-07-02 09:50:00,0.038911806413538724,0.43617249517270973,11.209258458403275,0,23305
2025-07-02 10:00:00,0.038911806413538724,0.4129582139085835,10.61267137073599,0,13258
2025-07-02 10:10:00,0.038911806413538724,0.3742569452869101,9.618082011137204,0,16486
2025-07-02 10:20:00,0.038911806413538724,0.4387576017305416,11.275693476360509,0,24501
2025-07-02 10:30:00,0.038911806413538724,0.408747423860774,10.504457683531163,0,26202
2025-07-02 10:40:00,0.038911806413538724,0.38359308928355684,9.858012892202607,0,16554
2025-07-02 10:50:00,0.038911806413538724,0.340946706388613,8.762037484591982,0,9063
2025-07-02 11:00:00,0.038911806413538724,0.2785611944800543,7.1587834170333835,4,26522
2025-07-02 11:10:00,0.038911806413538724,0.2744130092093255,7.052178618822692,0,24106
2025-07-02 11:20:00,0.038911806413538724,0.24556298731562307,6.310757838016573,0,79389
2025-07-02 11:30:00,0.038911806413538724,0.28110359187922956,7.224120846299857,0,15368
2025-07-02 12:30:00,0.038911806413538724,0.3745138777902083,9.624684955769679,0,18771
2025-07-02 12:40:00,0.038911806413538724,0.2153926976622012,5.535407309881632,0,3807
2025-07-02 12:50:00,0.038911806413538724,0.3068365332854836,7.8854353361175455,0,5573
2025-07-02 13:00:00,0.038911806413538724,0.3581857719788754,9.205066662087694,2,9657
2025-07-02 13:10:00,0.038911806413538724,0.28557829604950025,7.339116899752512,0,18909
2025-07-02 13:20:00,0.038911806413538724,0.3270889820064087,8.40590587160722,0,20285
2025-07-02 13:30:00,0.038911806413538724,0.2817934892771719,7.241850616812446,2,24667
2025-07-02 13:40:00,0.038911806413538724,0.3016144507947103,7.7512323018180025,2,23971
2025-07-02 13:50:00,0.038911806413538724,0.23251627198448968,5.975468460996184,2,7221
2025-07-02 14:00:00,0.038911806413538724,0.25058049535603716,6.439703484669161,0,20672
2025-07-02 14:10:00,0.038911806413538724,0.26521164021164023,6.815711339460308,5,30240
2025-07-02 14:20:00,0.038911806413538724,0.3226054350562453,8.290682566307176,39,75473
2025-07-02 14:30:00,0.038911806413538724,0.3585033658612952,9.213228552056115,10,19163
2025-07-02 14:40:00,0.038911806413538724,0.34728471683475565,8.92491890877427,4,25780
2025-07-02 14:50:00,0.038911806413538724,0.3927835974572477,10.094201057717667,1,11169
2025-07-02 15:00:00,0.038911806413538724,0.34813346901612124,8.946731110766267,0,18671
2025-07-02 15:10:00,0.038911806413538724,0.3922586225537896,10.080709653646654,1,18498
2025-07-02 15:20:00,0.038911806413538724,0.3715489422732162,9.548488659831065,0,11156
2025-07-02 16:00:00,0.038911806413538724,0.2339405560882071,6.0120713390168214,13,9387
2025-07-02 16:10:00,0.038911806413538724,0.34417851971723024,8.84509231104416,0,11741
2025-07-02 16:20:00,0.038911806413538724,0.2839791787160208,7.298020957906876,0,10374
2025-07-02 16:30:00,0.038911806413538724,0.31925557269031263,8.20459398099886,6,28532
2025-07-02 16:40:00,0.038911806413538724,0.3343195266272189,8.5917246574011,4,8788
2025-07-02 16:50:00,0.038911806413538724,0.31420269642026966,8.074739401225742,26,43020
2025-07-02 17:00:00,0.038911806413538724,0.3956174438687392,10.167028476249065,5,18528
2025-07-02 17:10:00,0.038911806413538724,0.35447761194029853,9.109770134366311,0,32428
2025-07-02 17:20:00,0.038911806413538724,0.3271254475102159,8.406843003731586,8,27653
2025-07-02 17:30:00,0.038911806413538724,0.27714874359471026,7.122484642560334,7,56789
2025-07-02 17:40:00,0.038911806413538724,0.35259809119830327,9.061468065785364,0,9430
2025-07-02 17:50:00,0.038911806413538724,0.24343193316286366,6.255991576843513,1,163861
2025-07-02 18:00:00,0.038911806413538724,0.2539669046809475,6.526731295429757,2,70584
2025-07-02 18:10:00,0.038911806413538724,0.24150411896690085,6.206448407979164,1,61059
2025-07-02 18:20:00,0.038911806413538724,0.2571837270813466,6.609400867903777,0,111154
2025-07-02 18:30:00,0.038911806413538724,0.3134977622241122,8.056623197915474,0,71723
2025-07-02 18:40:00,0.038911806413538724,0.42662645793605036,10.963933501365608,0,22549
2025-07-02 18:50:00,0.038911806413538724,0.32038298655864483,8.233567548978472,0,21724
2025-07-02 19:10:00,0.038911806413538724,0.2614755146400716,6.719696121563134,0,7821
2025-07-02 19:30:00,0.038911806413538724,0.23452327157704472,6.02704662653354,0,4426
2025-07-02 19:40:00,0.038911806413538724,0.29759669545625234,7.647979440828747,0,5326
2025-07-02 20:20:00,0.038911806413538724,0.28659387864685876,7.365216500129974,0,27935
2025-07-03 09:00:00,0.038911806413538724,0.19471488178025034,5.004005203739462,0,8628
2025-07-03 09:20:00,0.038911806413538724,0.24563505648750428,6.312609953827268,0,5842
2025-07-03 09:30:00,0.038911806413538724,0.2589564799230584,6.65495909315993,20,20795
2025-07-03 09:40:00,0.038911806413538724,0.32689477557027224,8.400914933019779,59,21744
2025-07-03 09:50:00,0.038911806413538724,0.3328068043742406,8.552848994911887,23,16460
2025-07-03 10:00:00,0.038911806413538724,0.3064340239912759,7.875091193007611,0,87115
2025-07-03 10:10:00,0.038911806413538724,0.3080183276059565,7.915806435004944,0,43650
2025-07-03 10:20:00,0.038911806413538724,0.28570121002434695,7.342275683324275,1,54627
2025-07-03 10:30:00,0.038911806413538724,0.2899186706453689,7.450660798530712,15,17091
2025-07-03 10:40:00,0.038911806413538724,0.4017857142857143,10.325547727486626,0,14896
2025-07-03 10:50:00,0.038911806413538724,0.37818692036549056,9.71907899484992,3,29221
2025-07-03 11:00:00,0.038911806413538724,0.3932771112958784,10.106883939447336,1,16838
2025-07-03 11:10:00,0.038911806413538724,0.23463365481502807,6.029883380931684,0,27788
2025-07-03 11:20:00,0.038911806413538724,0.2658306560265312,6.831619514175004,0,9649
2025-07-03 11:30:00,0.038911806413538724,0.2922256938062856,7.509949312057907,0,5441
2025-07-03 11:50:00,0.038911806413538724,0.3177770954866441,8.166598386860775,0,6514
2025-07-03 12:40:00,0.038911806413538724,0.29855308742612596,7.672557892923966,0,4907
2025-07-03 12:50:00,0.038911806413538724,0.37271183242121153,9.578373937724272,0,10598
2025-07-03 13:00:00,0.038911806413538724,0.31772006205274483,8.165132676600678,2,19983
2025-07-03 13:10:00,0.038911806413538724,0.24878185907046477,6.393480077139395,0,21344
2025-07-03 13:20:00,0.038911806413538724,0.29325273648096717,7.536343426578487,0,6121
2025-07-03 13:30:00,0.038911806413538724,0.3073832940850533,7.899486619004775,2,7219
2025-07-03 13:40:00,0.038911806413538724,0.3960431144518508,10.177967844588528,0,14102
2025-07-03 13:50:00,0.038911806413538724,0.3906179112603212,10.03854478275807,0,22042
2025-07-03 14:00:00,0.038911806413538724,0.3091349280913493,7.944502108331595,0,27674
2025-07-03 14:10:00,0.038911806413538724,0.33114225474389186,8.510071499242358,0,16126
2025-07-03 14:20:00,0.038911806413538724,0.2947913572913573,7.575884659746598,0,53872
2025-07-03 14:30:00,0.038911806413538724,0.30487679354426994,7.835071708163953,0,48577
2025-07-03 14:40:00,0.038911806413538724,0.3494921652635048,8.981648437218395,0,66754
2025-07-03 14:50:00,0.038911806413538724,0.39517982944011865,10.155782161339657,2,13485
2025-07-03 15:10:00,0.038911806413538724,0.40785575646133415,10.481542597298372,0,39156
2025-07-03 15:20:00,0.038911806413538724,0.3670520719048021,9.432922954126651,3,59245
2025-07-03 15:30:00,0.038911806413538724,0.32814666461254044,8.433087406046695,0,32455
2025-07-03 15:40:00,0.038911806413538724,0.32283835641031394,8.296668445029775,3,44561
2025-07-03 15:50:00,0.038911806413538724,0.3483933942907229,8.953410967050482,2,50199
2025-07-03 16:00:00,0.038911806413538724,0.4178536690802983,10.738480363505124,1,46265
2025-07-03 16:10:00,0.038911806413538724,0.3189426046979384,8.19655097243102,0,13921
2025-07-03 16:20:00,0.038911806413538724,0.3530248457179564,9.072435290362854,4,43589
2025-07-03 16:30:00,0.038911806413538724,0.4001858160421183,10.284431716921787,0,16145
2025-07-03 16:50:00,0.038911806413538724,0.26321615456863007,6.764429072535895,0,29812
2025-07-03 17:00:00,0.038911806413538724,0.27042817794841834,6.949771878345059,0,23962
2025-07-03 17:10:00,0.038911806413538724,0.29518196856906537,7.585923034052761,0,19344
2025-07-03 17:20:00,0.038911806413538724,0.24351900052056222,6.258229133146432,0,192100
2025-07-03 17:30:00,0.038911806413538724,0.23242095136695157,5.973018803004852,2,370057
2025-07-03 17:40:00,0.038911806413538724,0.231519855323638,5.949861408723613,0,53084
2025-07-03 17:50:00,0.038911806413538724,0.28473270522096716,7.317385941812742,10,19211
2025-07-03 18:00:00,0.038911806413538724,0.22394043528064148,5.755076824259824,1,3492
2025-07-03 18:20:00,0.038911806413538724,0.3817524457677584,9.810709934939796,0,9404
2025-07-04 09:00:00,0.038911806413538724,0.2766904049683405,7.110705733570637,1,65857
2025-07-04 09:10:00,0.038911806413538724,0.25898773292408517,6.655762268440322,3,96437
2025-07-04 09:20:00,0.038911806413538724,0.42756319072108545,10.988006729297508,0,18278
2025-07-04 09:30:00,0.038911806413538724,0.46469572521933916,11.942280969450339,0,42856
2025-07-04 09:40:00,0.038911806413538724,0.4457860928779529,11.45631966144982,5,28489
2025-07-04 09:50:00,0.038911806413538724,0.390992835209826,10.048180006204658,0,43965
2025-07-04 10:00:00,0.038911806413538724,0.44921528920389825,11.544447061383435,1,31604
2025-07-04 10:10:00,0.038911806413538724,0.4444925340835317,11.423076311586444,0,23105
2025-07-04 10:20:00,0.038911806413538724,0.37809870366158743,9.716811901336818,0,8794
2025-07-04 10:40:00,0.038911806413538724,0.23075923036921478,5.930314000763683,0,7692
2025-07-04 10:50:00,0.038911806413538724,0.4139344262295082,10.637759188827753,0,13420
2025-07-04 11:00:00,0.038911806413538724,0.26166232536111766,6.724496996625594,0,38007
2025-07-04 11:10:00,0.038911806413538724,0.4005313581837211,10.293311853143955,0,12421
2025-07-04 11:20:00,0.038911806413538724,0.19765739385065886,5.079625236362381,0,3415
2025-07-04 12:10:00,0.038911806413538724,0.3342852343356291,8.590843374963956,0,5953
2025-07-04 12:50:00,0.038911806413538724,0.3768276201007495,9.684146145670546,1,8139
2025-07-04 13:10:00,0.038911806413538724,0.19570890113076253,5.029550647195573,0,10347
2025-07-04 13:20:00,0.038911806413538724,0.33027896558745673,8.48788570947818,2,9822
2025-07-04 13:30:00,0.038911806413538724,0.3881641743557111,9.975485852043501,0,15715
2025-07-04 13:40:00,0.038911806413538724,0.35371368933727604,9.090137979670025,1,11498
2025-07-04 13:50:00,0.038911806413538724,0.3402278368230128,8.74356315425737,3,15713
2025-07-04 14:10:00,0.038911806413538724,0.36322682906482023,9.334617498982043,2,11987
2025-07-04 14:20:00,0.038911806413538724,0.3551776216429181,9.127759782422743,2,15229
2025-07-04 14:40:00,0.038911806413538724,0.4135450723960766,10.62775312975936,2,21410
2025-07-04 14:50:00,0.038911806413538724,0.4052107816172426,10.413569015810486,4,19997
2025-07-04 15:00:00,0.038911806413538724,0.19461666414637835,5.001481094916855,11,6613
2025-07-04 15:10:00,0.038911806413538724,0.25395489734096266,6.526422717106323,2,5942
2025-07-04 15:20:00,0.038911806413538724,0.2619132290184922,6.730945005096545,9,5624
2025-07-04 15:30:00,0.038911806413538724,0.2464427729602836,6.333367573357836,2,20873
2025-07-04 15:50:00,0.038911806413538724,0.20968427014016708,5.388705626043896,3,7063
2025-07-04 16:00:00,0.038911806413538724,0.2418568363565438,6.2155129419125,5,10254
2025-07-04 16:20:00,0.038911806413538724,0.28167660065372047,7.238846679595829,10,10402
2025-07-04 16:30:00,0.038911806413538724,0.323893369451456,8.323781373942142,8,16243
2025-07-04 16:40:00,0.038911806413538724,0.372731051683525,9.578867856256586,10,21651
2025-07-04 17:20:00,0.038911806413538724,0.2418665400142484,6.215762317580171,1,8422
2025-07-04 17:30:00,0.038911806413538724,0.40217802314149587,10.335629728091076,4,13223
2025-07-04 17:40:00,0.038911806413538724,0.4448750059070932,11.432905508912746,2,21161
2025-07-04 17:50:00,0.038911806413538724,0.36973103171417104,9.501769920029444,6,17437
2025-07-04 18:00:00,0.038911806413538724,0.37618054703790016,9.667516923784198,1,8153
2025-07-04 18:10:00,0.038911806413538724,0.3185724962630792,8.187039503574349,0,21408
2025-07-04 18:20:00,0.038911806413538724,0.2999581939799331,7.708667924385222,0,4784
2025-07-04 18:30:00,0.038911806413538724,0.3855382266332206,9.908001251236666,0,9169
2025-07-04 18:50:00,0.038911806413538724,0.3053062817011315,7.846109184869536,0,5126
2025-07-04 19:30:00,0.038911806413538724,0.3037097431716266,7.8050795160708795,0,4906
2025-07-04 20:00:00,0.038911806413538724,0.3484616692163862,8.955165573992595,0,11766
2025-07-04 20:10:00,0.038911806413538724,0.3187706375412751,8.19213156422273,0,15748
2025-07-04 20:20:00,0.038911806413538724,0.23265306122448978,5.978983826963684,0,3675
2025-07-04 20:50:00,0.038911806413538724,0.24027511684553782,6.174864109159889,0,176943
2025-07-04 21:00:00,0.038911806413538724,0.2973758109809238,7.642302899550219,3,10327
2025-07-07 08:50:00,0.038911806413538724,0.40626681567945694,10.440708184087365,0,24159
2025-07-07 09:00:00,0.038911806413538724,0.37689376336090713,9.68584597064024,0,10759
2025-07-07 09:10:00,0.038911806413538724,0.3482963135248285,8.950916074758341,2,8599
2025-07-07 09:20:00,0.038911806413538724,0.21104477611940298,5.423669461050089,1,3350
2025-07-07 09:30:00,0.038911806413538724,0.21024884015183468,5.403214590384117,6,4742
2025-07-07 09:50:00,0.038911806413538724,0.1945746342849027,5.000400963580135,5,7041
2025-07-07 10:00:00,0.038911806413538724,0.24992426537412904,6.4228389378287,0,6602
2025-07-07 10:20:00,0.038911806413538724,0.2354352752966271,6.05048433872531,1,15002
2025-07-07 10:30:00,0.038911806413538724,0.2443041449354927,6.278406670179442,0,3643
2025-07-07 10:40:00,0.038911806413538724,0.28894911697849274,7.425744102128284,0,11438
2025-07-07 10:50:00,0.038911806413538724,0.4342522566479629,11.159909977781755,0,20495
2025-07-07 11:00:00,0.038911806413538724,0.3942209167292848,10.131138928367049,0,14639
2025-07-07 11:10:00,0.038911806413538724,0.445144568776869,11.439833043114344,1,64433
2025-07-07 11:20:00,0.038911806413538724,0.44764209677136496,11.504017367222902,0,57021
2025-07-07 12:30:00,0.038911806413538724,0.3511354079058032,9.023878361597507,0,7134
2025-07-07 12:40:00,0.038911806413538724,0.3449158507711013,8.864041085769113,0,15627
2025-07-07 12:50:00,0.038911806413538724,0.2684563758389262,6.899098257888156,0,4321
2025-07-07 13:00:00,0.038911806413538724,0.3931765163297045,10.104298735226674,0,10288
2025-07-07 13:10:00,0.038911806413538724,0.45741373950885916,11.755140191839297,0,32170
2025-07-07 13:20:00,0.038911806413538724,0.4411546595621962,11.337295803586843,2,36409
2025-07-07 13:30:00,0.038911806413538724,0.23698069046225864,6.090200180986845,0,10254
2025-07-07 13:40:00,0.038911806413538724,0.2059986816084377,5.293989166659809,0,30340
2025-07-07 14:10:00,0.038911806413538724,0.2059918921591246,5.293814683644528,0,30341
2025-07-07 14:40:00,0.038911806413538724,0.22471125998813637,5.774886357112215,0,57318
2025-07-07 14:50:00,0.038911806413538724,0.2112778880971849,5.429660238638374,0,34244
2025-07-07 15:00:00,0.038911806413538724,0.21086369770580296,5.419015901365,0,47424
2025-07-07 15:10:00,0.038911806413538724,0.2885107939992682,7.4144795780769925,0,27330
2025-07-07 15:20:00,0.038911806413538724,0.2846720635997867,7.315827504238912,0,41258
2025-07-07 15:40:00,0.038911806413538724,0.21683152771235673,5.572384006230915,0,31845
2025-07-07 15:50:00,0.038911806413538724,0.24528857479387514,6.30370567192509,0,16980
2025-07-07 16:00:00,0.038911806413538724,0.22062488522783913,5.669870035925043,0,38119
2025-07-07 16:10:00,0.038911806413538724,0.2114972024736023,5.435296429723584,0,47542
2025-07-07 16:30:00,0.038911806413538724,0.2364750633981403,6.077205999767276,0,4732
2025-07-07 16:40:00,0.038911806413538724,0.23271692745376957,5.980625134195763,0,7030
2025-07-07 16:50:00,0.038911806413538724,0.3476990504017531,8.935566925537975,0,6845
2025-07-07 17:00:00,0.038911806413538724,0.4530881659594531,11.643976667241244,0,21210
2025-07-07 17:10:00,0.038911806413538724,0.3540726080771847,9.099361882978297,0,64676
2025-07-07 17:20:00,0.038911806413538724,0.4621673851642634,11.877304801852116,0,33635
2025-07-07 17:30:00,0.038911806413538724,0.4110550559333187,10.563761845564148,1,36472
2025-07-07 17:40:00,0.038911806413538724,0.45613595975270943,11.72230234970547,0,39953
2025-07-07 17:50:00,0.038911806413538724,0.29253413633767716,7.517876020165816,3,115566
2025-07-07 18:00:00,0.038911806413538724,0.2873666888192664,7.38507705772513,1,63198
2025-07-07 18:10:00,0.038911806413538724,0.2683219863836604,6.895644564326938,0,82401
2025-07-07 18:20:00,0.038911806413538724,0.2981002658857077,7.660920768304106,0,25951
2025-07-07 18:50:00,0.038911806413538724,0.21185796503420568,5.444567717639888,0,9209
2025-07-07 19:00:00,0.038911806413538724,0.28333684432273015,7.2815135157577195,0,4747
2025-07-07 19:40:00,0.038911806413538724,0.4555813055233681,11.708048212453486,0,25890
2025-07-07 19:50:00,0.038911806413538724,0.486336341157959,12.498426210013891,0,62282
2025-07-07 21:00:00,0.038911806413538724,0.20799765636443532,5.345361100790889,0,6827
2025-07-07 21:10:00,0.038911806413538724,0.22368128199421322,5.7484168074085344,0,49423
2025-07-08 08:40:00,0.038911806413538724,0.2675513698630137,6.875840381697715,0,21024
2025-07-08 08:50:00,0.038911806413538724,0.26727906590670136,6.868842403926691,0,18071
2025-07-08 09:00:00,0.038911806413538724,0.2283280882061665,5.86783573549861,0,45439
2025-07-08 09:10:00,0.038911806413538724,0.30734054470992267,7.898387996785176,0,54451
2025-07-08 09:20:00,0.038911806413538724,0.2572867050025914,6.6120473120228285,0,40519
2025-07-08 09:40:00,0.038911806413538724,0.3332805322350705,8.56502339400802,0,31565
2025-07-08 09:50:00,0.038911806413538724,0.4140882159315339,10.641711452066094,10,22785
2025-07-08 10:00:00,0.038911806413538724,0.27472612971492594,7.060225546849439,2,64264
2025-07-08 10:10:00,0.038911806413538724,0.24805329641806542,6.374756642800303,0,57790
2025-07-08 10:20:00,0.038911806413538724,0.2346513638864869,6.030338488856272,0,25442
2025-07-08 10:30:00,0.038911806413538724,0.3487881719629878,8.963556414117868,0,40311
2025-07-08 10:40:00,0.038911806413538724,0.3354168235559907,8.61992424590414,0,13279
2025-07-08 10:50:00,0.038911806413538724,0.2836123190564127,7.288592979783495,0,16787
2025-07-08 11:00:00,0.038911806413538724,0.23471200202994164,6.031896837055538,0,3941
2025-07-08 11:10:00,0.038911806413538724,0.38543298277019467,9.905296574360259,0,8938
2025-07-08 11:20:00,0.038911806413538724,0.23549965059399022,6.052138728569846,0,7155
2025-07-08 11:30:00,0.038911806413538724,0.22212405018554515,5.70839728757133,0,5659
2025-07-08 12:50:00,0.038911806413538724,0.3025088809946714,7.774218389650972,0,9008
2025-07-08 13:10:00,0.038911806413538724,0.3643775974668514,9.364191258416422,0,25265
2025-07-08 13:20:00,0.038911806413538724,0.26070920392421176,6.700002594418291,0,53412
2025-07-08 13:30:00,0.038911806413538724,0.3071535193478011,7.893581605631448,0,8709
2025-07-08 13:40:00,0.038911806413538724,0.21392342931937172,5.497648375556797,0,12224
2025-07-08 13:50:00,0.038911806413538724,0.26360304482661406,6.774371819831467,0,7094
2025-07-08 14:20:00,0.038911806413538724,0.2756629036492518,7.084299832282764,0,7618
2025-07-08 15:20:00,0.038911806413538724,0.21091515729265967,5.42033836854398,0,25176
2025-07-08 15:30:00,0.038911806413538724,0.24665356173359543,6.338784663766634,0,10683
2025-07-08 15:40:00,0.038911806413538724,0.3039910481163745,7.8123088115129455,0,5362
2025-07-08 15:50:00,0.038911806413538724,0.3400269996625042,8.738401811749284,0,11852
2025-07-08 16:00:00,0.038911806413538724,0.25996651432191503,6.680916109601736,0,22099
2025-07-08 16:10:00,0.038911806413538724,0.30766396462785556,7.90669961086178,0,10856
2025-07-08 16:50:00,0.038911806413538724,0.23973375451263537,6.1609515622287825,0,8864
2025-07-08 17:00:00,0.038911806413538724,0.2520009060706735,6.476206819917615,0,26488
2025-07-08 17:10:00,0.038911806413538724,0.2499832226025099,6.424354087954455,0,14901
2025-07-08 17:40:00,0.038911806413538724,0.22553154859257984,5.795967069627223,0,11617
2025-07-08 17:50:00,0.038911806413538724,0.2433047605210906,6.252723349189893,0,20649
2025-07-09 09:00:00,0.038911806413538724,0.41897423549241514,10.767277957741893,0,12459
2025-07-09 09:10:00,0.038911806413538724,0.26688661225907273,6.858756682296145,1,5759
2025-07-09 09:20:00,0.038911806413538724,0.31698060163058756,8.146129178939875,0,7114
2025-07-09 09:30:00,0.038911806413538724,0.3859713890170743,9.919133152419823,1,10835
2025-07-09 09:40:00,0.038911806413538724,0.32778711809380257,8.423847369361768,386,17249
2025-07-09 09:50:00,0.038911806413538724,0.20702488950918818,5.320361828207422,0,4299
2025-07-09 10:00:00,0.038911806413538724,0.2597163381838276,6.674486797751532,0,5429
2025-07-09 10:10:00,0.038911806413538724,0.3273166391254608,8.411756464011816,0,15734
2025-07-09 10:20:00,0.038911806413538724,0.32541959546693444,8.36300407152802,116,13942
2025-07-09 10:30:00,0.038911806413538724,0.24286524286524286,6.241428122975599,0,5291
2025-07-09 10:50:00,0.038911806413538724,0.3310466360375102,8.5076141806238,0,15889
2025-07-09 11:10:00,0.038911806413538724,0.30143068574247656,7.746509697827822,0,30405
2025-07-09 11:20:00,0.038911806413538724,0.2531887755102041,6.506734044146334,0,15680
2025-07-09 11:30:00,0.038911806413538724,0.27242972660762416,7.001209959577634,0,5194
2025-07-09 12:30:00,0.038911806413538724,0.41636003396546845,10.700095224070678,0,17665
2025-07-09 12:40:00,0.038911806413538724,0.3335540108131965,8.572051558550669,4,9063
2025-07-09 12:50:00,0.038911806413538724,0.37457285551564007,9.626200632652036,0,11413
2025-07-09 13:00:00,0.038911806413538724,0.38497631195335275,9.893560526642798,41,21952
2025-07-09 13:10:00,0.038911806413538724,0.4037804600318834,10.376810979697787,177,21955
2025-07-09 13:20:00,0.038911806413538724,0.2835794022326251,7.287747045687356,5,5554
2025-07-09 13:30:00,0.038911806413538724,0.27663416395810764,7.1092603879180825,6,5538
2025-07-09 13:40:00,0.038911806413538724,0.33113541331617885,8.509895680426846,102,6218
2025-07-09 14:10:00,0.038911806413538724,0.3300928612884504,8.48310298885533,0,6892
2025-07-09 14:20:00,0.038911806413538724,0.23702330508474576,6.091295340179257,85,3776
2025-07-09 14:30:00,0.038911806413538724,0.40366545002718024,10.373855321369287,167,12877
2025-07-09 14:40:00,0.038911806413538724,0.3291032148900169,8.457669926511324,0,11820
2025-07-09 15:20:00,0.038911806413538724,0.29785175149990323,7.654534162060146,0,5167
2025-07-09 15:50:00,0.038911806413538724,0.33103739105988195,8.507376592640092,0,7114
2025-07-09 16:30:00,0.038911806413538724,0.28610219698839795,7.352580703856848,2,4051
2025-07-09 16:40:00,0.038911806413538724,0.28642149929278643,7.360786498802347,0,4242
2025-07-09 16:50:00,0.038911806413538724,0.29703915950334286,7.633651245756428,0,10470
2025-07-09 17:20:00,0.038911806413538724,0.2283669486011711,5.868834414269561,1,3074
2025-07-09 17:30:00,0.038911806413538724,0.2763330089594309,7.1015209631410325,0,29801
2025-07-09 17:40:00,0.038911806413538724,0.22372528616024975,5.7495476766765625,0,13454
2025-07-09 17:50:00,0.038911806413538724,0.19959970887918485,5.129541064167543,0,27480
2025-07-09 18:00:00,0.038911806413538724,0.29366644751260135,7.546975444718108,0,4563
2025-07-09 18:10:00,0.038911806413538724,0.37294332723948814,9.584323155702394,2,11487
2025-07-09 18:20:00,0.038911806413538724,0.25217391304347825,6.480652950507547,0,6900
2025-07-10 09:00:00,0.038911806413538724,0.19934543290687295,5.1230063900994836,0,3361
2025-07-10 09:20:00,0.038911806413538724,0.34686971235194586,8.914253650050496,0,8274
2025-07-10 09:30:00,0.038911806413538724,0.27797346923480476,7.143679383080207,0,66715
2025-07-10 09:40:00,0.038911806413538724,0.30519949690920284,7.84336490744397,0,37369
2025-07-10 09:50:00,0.038911806413538724,0.23837820542121863,6.126115114981628,0,87508
2025-07-10 10:00:00,0.038911806413538724,0.22381632567323448,5.751887313958297,0,95212
2025-07-10 10:10:00,0.038911806413538724,0.21680642907058,5.571738992696719,0,28620
2025-07-10 10:20:00,0.038911806413538724,0.2540654022702203,6.529262598865685,0,28103
2025-07-10 10:30:00,0.038911806413538724,0.29731708592646827,7.640793716094909,0,19121
2025-07-10 10:40:00,0.038911806413538724,0.24593078381795197,6.320209892193142,0,25312
2025-07-10 10:50:00,0.038911806413538724,0.24106919810142394,6.195271315328807,0,44033
2025-07-10 11:00:00,0.038911806413538724,0.24817202751863993,6.377807930096315,0,27763
2025-07-10 11:10:00,0.038911806413538724,0.2465905486837932,6.337165282514257,0,6306
2025-07-10 11:20:00,0.038911806413538724,0.2661601121135149,6.84008625261121,0,45668
2025-07-10 11:30:00,0.038911806413538724,0.20123045372981288,5.171449806036197,0,7802
2025-07-10 12:50:00,0.038911806413538724,0.22494513533284566,5.78089675257481,0,2734
2025-07-10 13:00:00,0.038911806413538724,0.26531208887589536,6.818292783847331,0,6841
2025-07-10 13:20:00,0.038911806413538724,0.24327303702961367,6.251908082709077,0,19957
2025-07-10 13:30:00,0.038911806413538724,0.23426430303221135,6.0203913573825485,0,31759
2025-07-10 14:10:00,0.038911806413538724,0.33207126948775056,8.53394638014574,0,4490
2025-07-10 14:20:00,0.038911806413538724,0.4440817728912558,11.41252010178445,0,5821
2025-07-10 14:50:00,0.038911806413538724,0.42586442664582924,10.944349951783702,0,5119
